T_K,B_exp_A2,residual__empirical_digitized_reference,residual__elastic_derived_debye,residual__quasi_harmonic_debye,residual__harmonic_phonon_spectrum_isotropic
5.0,0.43440233,-0.18153448,-0.28009783,-0.31974183,-0.27402344
40.0,0.51020408,-0.31984369,-0.33043106,-0.38497756,-0.31539125
77.0,0.45772595,-0.19402147,-0.21707429,-0.30508796,-0.18412353
130.0,0.67930029,-0.11839555,-0.3264471,-0.47070261,-0.26920849
180.0,0.76093294,-0.12866513,-0.29294358,-0.49187641,-0.2133544
230.0,1.06997085,-0.35168233,-0.4833557,-0.73728577,-0.38154515
293.0,1.02915452,-0.16098539,-0.29074631,-0.61410168,-0.16099223
473.0,1.44314869,-0.05484159,-0.26543335,-0.78732464,-0.0559166
666.0,2.13119534,-0.26459914,-0.47919122,-1.21401097,-0.18417521
820.0,2.51603499,-0.12785403,-0.48471011,-1.38943816,-0.12147499
