material,soc_status,method,N_points,RMSE,MAE,NRMSE,R2,RMSE_lo_sigma050,RMSE_hi_sigma050,RMSE_med_sigma050,NRMSE_lo_sigma050,NRMSE_hi_sigma050,R2_lo_sigma050,R2_hi_sigma050,R2_med_sigma050,RMSE_lo_sigma100,RMSE_hi_sigma100,RMSE_med_sigma100,NRMSE_lo_sigma100,NRMSE_hi_sigma100,R2_lo_sigma100,R2_hi_sigma100,R2_med_sigma100
As,noSOC,empirical digitized reference,10,0.21034139,0.19024228,0.10104636,0.90561261,0.18537969,0.24666332,0.21527248,0.08707033,0.11962693,0.86854493,0.92800270,0.90171378,0.17210230,0.29123096,0.23090804,0.07858558,0.14121082,0.81329530,0.93935864,0.88791437
As,noSOC,elastic-derived Debye,10,0.35781748,0.34504305,0.17189271,0.72685858,0.33035288,0.39119673,0.36134671,0.15602868,0.18864131,0.67117354,0.76927379,0.72291349,0.30857775,0.43124882,0.36993595,0.14327320,0.20682221,0.60143880,0.79944442,0.71422613
As,noSOC,quasi-harmonic Debye,10,0.75841788,0.67145476,0.36433800,-0.22710462,0.72890018,0.79064068,0.76013064,0.34105158,0.38375320,-0.34202639,-0.12322040,-0.22550570,0.70037151,0.82624740,0.76378767,0.32041312,0.40200973,-0.46936030,-0.02944769,-0.22177578
As,noSOC,harmonic phonon spectrum (isotropic),10,0.23446829,0.21602053,0.11263673,0.88271764,0.20848557,0.27020731,0.23924383,0.09730673,0.13141246,0.83832325,0.91065605,0.87841696,0.19311745,0.31213621,0.25286333,0.08798323,0.15276339,0.78060975,0.92516812,0.86628189
Sb,noSOC,empirical digitized reference,12,0.64756462,0.51157093,0.21939348,0.59188507,0.62090116,0.67721267,0.64941128,0.20901532,0.22982424,0.56190090,0.61845545,0.59065760,0.59763871,0.71045417,0.65497983,0.19968079,0.23936542,0.52704441,0.64064863,0.58642285
Sb,noSOC,elastic-derived Debye,12,0.68166894,0.54509423,0.23094795,0.54776594,0.65556052,0.71225891,0.68360053,0.22027192,0.24191047,0.51527786,0.57521297,0.54645335,0.63188513,0.74374011,0.68868722,0.21080953,0.25101685,0.47970607,0.59846644,0.54299777
Sb,noSOC,quasi-harmonic Debye,12,0.97075021,0.76562980,0.32888805,0.08286928,0.94319542,1.00025416,0.97165866,0.31463192,0.34246072,0.03520124,0.12722492,0.08326656,0.92041499,1.03265418,0.97575821,0.30171284,0.35282352,-0.01798655,0.16528635,0.08105646
Sb,noSOC,harmonic phonon spectrum (isotropic),12,0.10902330,0.09837976,0.03693686,0.98843209,0.09196836,0.14639503,0.11906118,0.03121695,0.04926457,0.97930136,0.99171429,0.98623056,0.09631860,0.19573597,0.14466057,0.03268598,0.06531558,0.96331378,0.99075676,0.97977609
Bi_noSOC,noSOC,empirical digitized reference,11,0.43005480,0.34880390,0.30188161,0.16293157,0.40295748,0.46306351,0.43282278,0.26648072,0.34599129,-0.04543271,0.32852608,0.15847509,0.38308741,0.49858988,0.43982886,0.23953988,0.39126709,-0.30972359,0.44863585,0.15468236
Bi_noSOC,noSOC,elastic-derived Debye,11,0.35218692,0.27805051,0.24722141,0.43861628,0.32594097,0.38424577,0.35570283,0.21740851,0.28619444,0.27784689,0.55973741,0.43248497,0.30590770,0.42269390,0.36525356,0.19405182,0.32660753,0.06735265,0.64387172,0.41868936
Bi_noSOC,noSOC,quasi-harmonic Debye,11,0.11963570,0.09575894,0.08397957,0.93522089,0.10098235,0.15761325,0.12884685,0.07251228,0.11013526,0.89113899,0.95313667,0.92556092,0.10329840,0.20719080,0.15290120,0.07324572,0.14486623,0.81521465,0.95081505,0.89810123
Bi_noSOC,noSOC,harmonic phonon spectrum (isotropic),11,0.62057784,0.51250604,0.43562131,-0.74303412,0.59221611,0.65178913,0.62213149,0.38953282,0.49365815,-1.10444256,-0.44075030,-0.73005195,0.56869402,0.68757078,0.62771222,0.35113127,0.54162923,-1.51632041,-0.19985412,-0.72160747
Bi_SOC,SOC,elastic-derived Debye,11,0.69471525,0.57643468,0.48766286,-1.18437414,0.66708673,0.72583732,0.69644829,0.43671802,0.55157823,-1.60839861,-0.81844925,-1.17640353,0.64276335,0.76044151,0.70043294,0.39601459,0.60082851,-2.06694733,-0.52422531,-1.13669001
Bi_SOC,SOC,quasi-harmonic Debye,11,0.31411480,0.24371424,0.22049627,0.55342937,0.28874887,0.34623360,0.31788982,0.19254453,0.25907497,0.41178502,0.65053488,0.54636897,0.26972607,0.38597860,0.32831095,0.17132768,0.29881183,0.23364690,0.72037875,0.53134072
