T_K,B_A2__empirical_digitized_reference,B_A2__elastic-derived_Debye,B_A2__quasi-harmonic_Debye,B_A2__harmonic_phonon_spectrum_(isotropic)
0.0,,0.11942357,0.09962856,0.12578482
10.0,0.13662359,0.12535439,0.10307226,0.13341179
20.0,0.15534204,0.14283966,0.1133367,0.1593191
30.0,0.17940232,0.16938695,0.12955574,0.19612957
40.0,0.20749951,0.20141498,0.14992528,0.23816434
50.0,0.24487018,0.23657226,0.17290436,0.28305604
60.0,0.2879896,0.27358817,0.19752476,0.3296561
70.0,0.33061084,0.31177218,0.22321331,0.37734682
80.0,0.37422074,0.35072973,0.24962518,0.42576842
90.0,0.41895841,0.39022277,0.27654538,0.47470218
100.0,0.46388001,0.4301005,0.30383462,0.52400651
110.0,0.50832539,0.47026324,0.3313994,0.57358719
120.0,0.55295422,0.5106427,0.35917489,0.62337895
130.0,0.59771071,0.55119062,0.3871149,0.67333573
140.0,0.64240255,0.59187197,0.41518567,0.72342358
150.0,0.68683741,0.63266078,0.44336203,0.77361644
160.0,0.73082296,0.67353734,0.47162482,0.82389589
170.0,0.77415939,0.71448648,0.49995922,0.87424719
180.0,0.81674422,0.75549632,0.5283536,0.9246585
190.0,0.85879061,0.79655743,0.55679871,0.97512034
200.0,0.90054918,0.83766222,0.58528708,1.0256256
210.0,0.9422705,0.87880453,0.61381266,1.07616877
220.0,0.98420519,0.91997932,0.64237045,1.12674325
230.0,1.02660383,0.96118238,0.67095632,1.1773459
240.0,1.0696843,1.00241022,0.6995668,1.22797355
250.0,1.11330602,1.04365989,0.72819899,1.27862252
260.0,1.15731152,1.0849289,0.7568504,1.32929096
270.0,1.2015814,1.12621511,0.78551893,1.37997625
280.0,1.24599622,1.16751668,0.81420275,1.43067733
290.0,1.29044328,1.20883206,0.84290031,1.48139156
300.0,1.33519876,1.25015985,0.87161024,1.5321187
310.0,1.38032892,1.29149887,0.90033135,1.58285636
320.0,1.42565051,1.33284806,0.9290626,1.63360455
330.0,1.47098028,1.37420652,0.95780308,1.68436222
340.0,1.51613497,1.41557342,0.98655198,1.73512804
350.0,1.56093134,1.45694805,1.01530858,1.78590176
360.0,1.60518615,1.49832976,1.04407225,1.83668179
370.0,1.64870044,1.53971799,1.07284241,1.88746894
380.0,1.69121244,1.58111221,1.10161856,1.93826239
390.0,1.73307895,1.62251198,1.13040023,1.98906112
400.0,1.77481411,1.66391687,1.15918701,2.03986484
410.0,1.8169321,1.70532651,1.18797854,2.0906733
420.0,1.85985199,1.74674057,1.21677448,2.14148623
430.0,1.90338897,1.78815873,1.24557451,2.19230285
440.0,1.94737912,1.82958072,1.27437836,2.24312368
450.0,1.99169229,1.87100628,1.30318578,2.29394794
460.0,2.03619831,1.91243518,1.33199653,2.34477587
470.0,2.08076703,1.95386722,1.36081041,2.39560644
480.0,2.12526829,1.99530218,1.38962721,2.44644017
490.0,2.16957193,2.0367399,1.41844677,2.49727705
500.0,2.2135478,2.07818021,1.44726891,2.54811604
510.0,2.25706574,2.11962295,1.47609348,2.59895766
520.0,2.29999559,2.16106799,1.50492034,2.64980139
530.0,2.34222332,2.2025152,1.53374938,2.70064722
540.0,2.38379959,2.24396445,1.56258045,2.75149516
550.0,2.42485594,2.28541564,1.59141346,2.80234521
