frequency_THz,dos_raw,dos_normalized_to_max,classical_leverage_proxy_g_over_omega2
0.00109786,0,0,0
0.00329354,3.8564e-05,1.22807e-06,0
0.00548932,0.00010712,3.41125e-06,0
0.00768485,0.00020996,6.6862e-06,0
0.00988063,0.00034708,1.10528e-05,0
0.0120764,0.00051848,1.65111e-05,0
0.0142722,0.00072416,2.3061e-05,0
0.0164677,0.00096411,3.07022e-05,0
0.0186635,0.0012384,3.9437e-05,0
0.0208593,0.0015469,4.92612e-05,0
0.0230548,0.0018897,6.01777e-05,0
0.0252511,0.0022667,7.21833e-05,0
0.0274466,0.0026781,8.52844e-05,0
0.0296421,0.0031237,9.94746e-05,0
0.0318377,0.0036036,0.000114757,0
0.0340332,0.0041178,0.000131132,0
0.0362287,0.00467,0.000148717,0
0.0384243,0.0052636,0.00016762,0
0.0406198,0.0058986,0.000187842,0
0.0428153,0.006575,0.000209382,0
0.0450109,0.0072928,0.00023224,0
0.0472088,0.0080521,0.00025642,0
0.0494044,0.0088527,0.000281915,0
0.0515999,0.0096947,0.000308729,0
0.0537954,0.010578,0.000336858,0
0.055991,0.011503,0.000366314,0
0.0581865,0.012469,0.000397077,0
0.060382,0.013477,0.000429176,0
0.0625776,0.014526,0.000462582,0
0.0647731,0.015617,0.000497325,0
0.0669686,0.016748,0.000533342,0
0.0691642,0.017922,0.000570728,0
0.0713597,0.019137,0.00060942,0
0.0735552,0.020392,0.000649385,0
0.0757508,0.021684,0.000690529,0
0.0779487,0.023013,0.000732851,0
0.0801443,0.024381,0.000776416,0
0.0823398,0.025785,0.000821126,0
0.0845353,0.027227,0.000867047,0
0.0867309,0.028707,0.000914177,0
0.0889264,0.029689,0.000945449,0
0.0911219,0.0314,0.000999936,0
0.0933175,0.032654,0.00103987,0
0.095513,0.033905,0.00107971,0
0.0977085,0.035155,0.00111951,0
0.0999041,0.036403,0.00115926,0
0.1021,0.037648,0.0011989,3.61155
0.104295,0.038892,0.00123852,3.57546
0.106491,0.040128,0.00127788,3.53854
0.108689,0.041426,0.00131922,3.50675
0.110884,0.042787,0.00136256,3.47995
0.11308,0.044218,0.00140813,3.45804
0.115275,0.0457,0.00145532,3.4391
0.117471,0.047199,0.00150306,3.42037
0.119666,0.048731,0.00155184,3.403
0.121862,0.050285,0.00160133,3.38613
0.124057,0.051866,0.00165168,3.37006
0.126253,0.053472,0.00170282,3.35462
0.128448,0.055105,0.00175482,3.3399
0.130644,0.056764,0.00180766,3.32579
0.132839,0.058449,0.00186131,3.31225
0.135035,0.06016,0.0019158,3.29925
0.137231,0.061897,0.00197112,3.28676
0.139429,0.063661,0.00202729,3.27469
0.141624,0.06545,0.00208426,3.26314
0.14382,0.067266,0.00214209,3.25207
0.146015,0.069108,0.00220075,3.2414
0.148211,0.070982,0.00226043,3.23139
0.150406,0.07292,0.00232215,3.22341
0.152602,0.074926,0.00238603,3.21746
0.154797,0.077001,0.0024521,3.21344
0.156993,0.079145,0.00252038,3.21118
0.159188,0.081358,0.00259085,3.21054
0.161384,0.083633,0.0026633,3.21113
0.163579,0.085935,0.00273661,3.21154
0.165775,0.08826,0.00281065,3.21164
0.16797,0.090606,0.00288536,3.21138
0.170168,0.093014,0.00296204,3.21211
0.172364,0.093527,0.00297838,3.14807
0.174559,0.098603,0.00314002,3.23596
0.176755,0.10124,0.003224,3.24047
0.178951,0.10365,0.00330075,3.23671
0.181146,0.10613,0.00337972,3.2343
0.183342,0.10867,0.00346061,3.23286
0.185537,0.11124,0.00354245,3.23146
0.187733,0.11381,0.00362429,3.22924
0.189928,0.11639,0.00370645,3.22654
0.192124,0.11897,0.00378861,3.22311
0.194319,0.12153,0.00387014,3.21849
0.196515,0.12422,0.0039558,3.21663
0.19871,0.12699,0.00404401,3.21609
0.200906,0.12982,0.00413413,3.2163
0.203104,0.1327,0.00422585,3.21688
0.205299,0.1356,0.0043182,3.21725
0.207495,0.13851,0.00441087,3.21711
0.20969,0.14146,0.00450481,3.21719
0.211886,0.14437,0.00459748,3.21568
0.214082,0.14725,0.00468919,3.2129
0.216277,0.1501,0.00477995,3.20893
0.218473,0.15294,0.00487039,3.20426
0.220668,0.15576,0.00496019,3.19872
0.222864,0.15894,0.00506146,3.20004
0.225059,0.16264,0.00517929,3.21095
0.227255,0.16629,0.00529552,3.21988
0.22945,0.16989,0.00541016,3.22694
0.231646,0.17345,0.00552353,3.2324
0.233844,0.17697,0.00563563,3.2363
0.236039,0.18044,0.00574613,3.23865
0.238235,0.18384,0.0058544,3.23914
0.24043,0.18718,0.00596077,3.23803
0.242621,0.19046,0.00606522,3.23554
0.244821,0.1936,0.00616521,3.23003
0.247022,0.19671,0.00626425,3.22371
0.249222,0.19979,0.00636233,3.21663
0.251398,0.20285,0.00645978,3.20959
0.253599,0.20593,0.00655786,3.20203
0.255799,0.20902,0.00665626,3.1944
0.257999,0.21217,0.00675658,3.18747
0.2602,0.21537,0.00685848,3.18106
0.262376,0.21863,0.0069623,3.17586
0.264576,0.22195,0.00706802,3.17068
0.266777,0.22533,0.00717566,3.16609
0.268977,0.22877,0.0072852,3.16205
0.271177,0.23227,0.00739666,3.15854
0.273354,0.23583,0.00751003,3.15609
0.275554,0.23944,0.00762499,3.15343
0.277754,0.24314,0.00774282,3.15162
0.279955,0.24695,0.00786415,3.15089
0.282155,0.25092,0.00799057,3.1518
0.284356,0.25472,0.00811159,3.15021
0.286532,0.25834,0.00822686,3.14663
0.288732,0.26177,0.00833609,3.14
0.290932,0.26533,0.00844946,3.13474
0.293133,0.26899,0.00856601,3.13045
0.295333,0.27275,0.00868575,3.12709
0.297509,0.27663,0.00880931,3.12534
0.29971,0.28062,0.00893637,3.12404
0.30191,0.28473,0.00906726,3.12376
0.304111,0.28891,0.00920037,3.12392
0.306311,0.29318,0.00933635,3.12471
0.308487,0.29751,0.00947424,3.12628
0.310687,0.30196,0.00961595,3.12825
0.312888,0.30645,0.00975893,3.13027
0.315088,0.31098,0.00990319,3.13234
0.317289,0.31548,0.0100465,3.13374
0.319465,0.32,0.0101904,3.13548
0.321665,0.32395,0.0103162,3.13091
0.323865,0.32979,0.0105022,3.14419
0.326066,0.33647,0.0107149,3.16472
0.328266,0.34253,0.0109079,3.17868
0.330442,0.34804,0.0110834,3.18741
0.332643,0.35481,0.011299,3.20656
0.334843,0.36097,0.0114951,3.2195
0.337044,0.36683,0.0116817,3.22918
0.339244,0.37292,0.0118757,3.24035
0.341444,0.37926,0.0120776,3.2531
0.34362,0.38569,0.0122823,3.26648
0.345821,0.39208,0.0124858,3.27848
0.348021,0.39845,0.0126887,3.28975
0.350222,0.40479,0.0128906,3.30023
0.352422,0.41112,0.0130922,3.31011
0.354598,0.4174,0.0132921,3.31955
0.356798,0.42362,0.0134902,3.32759
0.358999,0.4298,0.013687,3.33488
0.361199,0.43588,0.0138806,3.34098
0.3634,0.44175,0.0140676,3.34509
0.365576,0.4477,0.0142571,3.3499
0.367776,0.45371,0.0144484,3.35437
0.369977,0.4598,0.0146424,3.35908
0.372177,0.46565,0.0148287,3.36171
0.374377,0.47295,0.0150611,3.3744
0.376553,0.481,0.0153175,3.39228
0.378754,0.48952,0.0155888,3.41237
0.380954,0.49761,0.0158464,3.42881
0.383155,0.50529,0.016091,3.44186
0.385355,0.51257,0.0163228,3.45169
0.387531,0.51945,0.0165419,3.45884
0.389732,0.52592,0.016748,3.46249
0.391932,0.53242,0.016955,3.46604
0.394132,0.53887,0.0171604,3.46897
0.396333,0.54532,0.0173658,3.47162
0.398509,0.55169,0.0175686,3.47392
0.400709,0.55859,0.0177884,3.47884
0.40291,0.56584,0.0180192,3.48561
0.40511,0.57348,0.0182625,3.4944
0.40731,0.58151,0.0185182,3.50515
0.409511,0.58991,0.0187857,3.51767
0.411687,0.59815,0.0190481,3.5292
0.413887,0.60958,0.0194121,3.5585
0.416088,0.61882,0.0197064,3.57433
0.418288,0.62684,0.0199618,3.58266
0.420488,0.63456,0.0202076,3.58893
0.422665,0.64205,0.0204461,3.59399
0.424865,0.65017,0.0207047,3.60185
0.427065,0.65883,0.0209805,3.61231
0.429266,0.66799,0.0212722,3.62508
0.431466,0.67761,0.0215786,3.63988
0.433642,0.68767,0.0218989,3.65693
0.435843,0.69813,0.022232,3.67517
0.438043,0.70923,0.0225855,3.69619
0.440243,0.72095,0.0229587,3.7198
0.442444,0.73332,0.0233527,3.74608
0.44462,0.74613,0.0237606,3.7743
0.44682,0.75976,0.0241946,3.80549
0.449021,0.77366,0.0246373,3.83723
0.451221,0.80332,0.0255818,3.94557
0.453421,0.8667,0.0276002,4.21565
0.455598,0.91202,0.0290434,4.39381
0.457798,0.93045,0.0296303,4.43962
0.459998,0.86112,0.0274225,4.0696
0.462199,0.86482,0.0275403,4.04826
0.464399,0.86889,0.0276699,4.02886
0.466599,0.87312,0.0278046,4.01038
0.468776,0.87747,0.0279431,3.99303
0.470976,0.88217,0.0280928,3.97699
0.473176,0.88952,0.0283269,3.97292
0.475377,0.90142,0.0287058,3.98888
0.477577,0.92465,0.0294456,4.05406
0.479753,0.94986,0.0302484,4.1269
0.481954,0.97212,0.0309573,4.18513
0.484154,0.99153,0.0315754,4.22999
0.486354,1.0809,0.0344214,4.56962
0.488555,1.123,0.0357621,4.70493
0.490731,1.1474,0.0365391,4.76462
0.492931,1.1696,0.037246,4.81354
0.495132,1.1857,0.0377587,4.83652
0.497332,1.1952,0.0380613,4.83223
0.499532,1.1991,0.0381855,4.80538
0.501709,1.1981,0.0381536,4.75981
0.503909,1.1804,0.03759,4.64863
0.506109,1.1644,0.0370804,4.54583
0.50831,1.1676,0.0371823,4.51895
0.51051,1.175,0.037418,4.50847
0.512686,1.1798,0.0375709,4.48854
0.514887,1.1837,0.0376951,4.46497
0.517087,1.1924,0.0379721,4.45959
0.519287,1.2038,0.0383351,4.46415
0.521488,1.2184,0.0388001,4.48024
0.523664,1.2363,0.0393701,4.50836
0.525864,1.2569,0.0400261,4.5452
0.528065,1.2799,0.0407586,4.58989
0.530265,1.3056,0.041577,4.64327
0.532465,1.3348,0.0425068,4.70797
0.534666,1.3629,0.0434017,4.76759
0.536842,1.3952,0.0444303,4.84109
0.539042,1.4331,0.0456372,4.93209
0.541243,1.473,0.0469078,5.02827
0.543443,1.5108,0.0481116,5.11563
0.545643,1.5447,0.0491911,5.18831
0.54782,1.5794,0.0502962,5.2628
0.55002,1.6133,0.0513757,5.33284
0.55222,1.6454,0.0523979,5.39569
0.554421,1.6759,0.0533692,5.45217
0.556621,1.7038,0.0542577,5.4992
0.558797,1.7442,0.0555442,5.58583
0.560998,1.7674,0.056283,5.61581
0.563198,1.7873,0.0569168,5.63476
0.565398,1.8058,0.0575059,5.64886
0.567599,1.8297,0.058267,5.67933
0.569775,1.8579,0.059165,5.72289
0.571975,1.885,0.060028,5.76178
0.574176,1.9165,0.0610311,5.81325
0.576376,1.95,0.062098,5.86979
0.578576,1.9826,0.0631361,5.92262
0.580753,2.0042,0.063824,5.94236
0.582953,2.0192,0.0643016,5.94172
0.585153,2.0331,0.0647443,5.93771
0.587354,2.0532,0.0653844,5.95157
0.589554,2.0718,0.0659767,5.96074
0.591755,2.0847,0.0663875,5.95334
0.593931,2.0957,0.0667378,5.94097
0.596131,2.109,0.0671613,5.93462
0.598331,2.1308,0.0678556,5.95195
0.600532,2.1034,0.066983,5.83243
0.602732,2.0994,0.0668556,5.77892
0.604908,2.0801,0.066241,5.68467
0.607109,2.0842,0.0663716,5.65466
0.609309,2.1019,0.0669352,5.66157
0.611509,2.1292,0.0678046,5.6939
0.61371,2.1608,0.0688109,5.73705
0.615886,2.1959,0.0699287,5.78911
0.618086,2.2333,0.0711197,5.84586
0.620287,2.2715,0.0723362,5.90375
0.622487,2.3066,0.0734539,5.95267
0.624688,2.3391,0.0744889,5.99409
0.626864,2.3707,0.0754952,6.03296
0.629064,2.4013,0.0764697,6.06815
0.631264,2.4241,0.0771957,6.08314
0.633465,2.4383,0.0776479,6.07634
0.635665,2.4672,0.0785682,6.10587
0.637841,2.4892,0.0792688,6.11835
0.640042,2.5086,0.0798866,6.12371
0.642242,2.5912,0.082517,6.28208
0.644442,2.6671,0.0849341,6.42201
0.646643,2.7675,0.0881313,6.61849
0.648819,2.8264,0.090007,6.71408
0.651019,2.8929,0.0921247,6.82567
0.65322,2.9573,0.0941755,6.93069
0.65542,3.0322,0.0965607,7.05859
0.657621,3.1037,0.0988377,7.17677
0.659821,3.1759,0.101137,7.29482
0.661997,3.2519,0.103557,7.42036
0.664197,3.3318,0.106102,7.55239
0.666398,3.4305,0.109245,7.72485
0.668598,3.5257,0.112276,7.88706
0.670799,3.6154,0.115133,8.03474
0.672975,3.7013,0.117868,8.17253
0.675175,3.7845,0.120518,8.30186
0.677376,3.8629,0.123014,8.41888
0.679576,3.9464,0.125674,8.54526
0.681776,4.0497,0.128963,8.71243
0.683952,4.1657,0.132657,8.90505
0.686153,4.3085,0.137205,9.15133
0.688353,4.4515,0.141758,9.39472
0.690554,4.5957,0.146351,9.63733
0.692754,4.7165,0.150197,9.82793
0.69493,4.7834,0.152328,9.905
0.69713,4.8391,0.154102,9.95718
0.699331,4.8982,0.155984,10.0155
0.701531,4.9669,0.158171,10.0923
0.703732,5.0464,0.160703,10.1898
0.705908,5.1424,0.16376,10.3198
0.708108,5.2385,0.166821,10.4474
0.710309,5.3321,0.169801,10.5683
0.712509,5.4161,0.172476,10.6686
0.714709,5.4933,0.174935,10.7541
0.71691,5.542,0.176486,10.783
0.719086,5.6083,0.178597,10.846
0.721286,5.6362,0.179485,10.8336
0.723487,5.6832,0.180982,10.8576
0.725687,5.6093,0.178629,10.6515
0.727887,5.6297,0.179278,10.6257
0.730063,5.6606,0.180262,10.6204
0.732264,5.7145,0.181979,10.6572
0.734464,5.8068,0.184918,10.7645
0.736665,5.8874,0.187485,10.8489
0.738865,5.9747,0.190265,10.9442
0.741041,6.0516,0.192714,11.0201
0.743242,6.1562,0.196045,11.1443
0.745442,6.2525,0.199112,11.2519
0.747642,6.339,0.201866,11.3405
0.749843,6.8117,0.216919,12.1148
0.752019,7.288,0.232087,12.887
0.754219,7.7591,0.247089,13.6401
0.75642,7.7424,0.246558,13.5316
0.75862,7.6195,0.242644,13.2397
0.76082,7.4835,0.238313,12.9283
0.762997,7.3956,0.235514,12.7036
0.765197,7.3779,0.23495,12.6005
0.767397,7.4232,0.236393,12.6052
0.769598,7.5567,0.240644,12.7587
0.771798,7.7365,0.24637,12.9878
0.773998,7.7817,0.247809,12.9896
0.776175,7.8693,0.250599,13.0622
0.778375,7.9736,0.25392,13.1606
0.780575,8.1073,0.258178,13.306
0.782776,8.1651,0.260018,13.3256
0.784976,8.21,0.261448,13.3239
0.787152,8.2097,0.261439,13.2498
0.789353,8.1955,0.260987,13.1533
0.791553,8.2294,0.262066,13.1343
0.793753,8.1927,0.260897,13.0034
0.795954,8.2832,0.263779,13.0744
0.79813,8.3519,0.265967,13.1111
0.80033,8.4016,0.26755,13.1167
0.802531,8.4395,0.268757,13.1037
0.804731,8.479,0.270015,13.0931
0.806931,8.5453,0.272126,13.1236
0.809108,8.6877,0.276661,13.2707
0.811308,8.9515,0.285061,13.5995
0.813508,9.1862,0.292536,13.8807
0.815709,9.3681,0.298328,14.0793
0.817909,9.5139,0.302971,14.2216
0.820085,9.5175,0.303086,14.1516
0.822286,9.6098,0.306025,14.2125
0.824486,9.6264,0.306554,14.1611
0.826686,9.6756,0.308121,14.1578
0.828887,9.7748,0.31128,14.2271
0.831063,9.8879,0.314881,14.3165
0.833263,9.7974,0.311999,14.1106
0.835464,9.7416,0.310222,13.9565
0.837664,9.6302,0.306675,13.7245
0.839864,9.6263,0.306551,13.6471
0.842065,9.6906,0.308598,13.6666
0.844241,9.7471,0.310397,13.6755
0.846441,9.8654,0.314165,13.7696
0.848642,10.037,0.319629,13.9365
0.850842,10.157,0.323451,14.0303
0.853042,10.151,0.32326,13.9498
0.855219,10.037,0.319629,13.723
0.857419,9.9125,0.315665,13.4833
0.859619,9.9773,0.317728,13.5021
0.86182,9.9563,0.317059,13.4049
0.86402,9.927,0.316126,13.2975
0.866196,9.9239,0.316028,13.2266
0.868397,9.9262,0.316101,13.1628
0.870597,10.048,0.31998,13.257
0.872797,10.133,0.322686,13.3018
0.874998,10.184,0.324311,13.3016
0.877174,10.222,0.325521,13.2851
0.879374,10.236,0.325966,13.2368
0.881575,10.283,0.327463,13.2313
0.883775,10.293,0.327782,13.1783
0.885975,10.349,0.329565,13.1842
0.888152,10.433,0.33224,13.2262
0.890352,10.561,0.336316,13.3224
0.892552,10.754,0.342462,13.499
0.894753,10.89,0.346793,13.6026
0.896953,11.066,0.352398,13.7547
0.899153,11.189,0.356315,13.8396
0.90133,11.239,0.357907,13.8344
0.90353,11.22,0.357302,13.7438
0.90573,11.337,0.361028,13.8198
0.907931,11.457,0.364849,13.8984
0.910131,11.734,0.37367,14.1657
0.912307,11.839,0.377014,14.2244
0.914508,11.738,0.373798,14.0352
0.916708,11.841,0.377078,14.0905
0.918908,12.164,0.387364,14.4056
0.921109,11.881,0.378352,14.0033
0.923285,11.756,0.374371,13.7908
0.925485,11.808,0.376027,13.786
0.927686,11.865,0.377842,13.7869
0.929886,11.993,0.381918,13.8697
0.932086,12.19,0.388192,14.0311
0.934263,12.237,0.389689,14.0196
0.936463,12.311,0.392045,14.0382
0.938663,12.377,0.394147,14.0474
0.940864,12.359,0.393574,13.9614
0.943064,12.198,0.388447,13.7153
0.94524,12.076,0.384561,13.5157
0.947441,11.949,0.380517,13.3115
0.949641,11.907,0.37918,13.2033
0.951841,11.872,0.378065,13.1037
0.954042,11.733,0.373639,12.8906
0.956218,11.688,0.372206,12.7828
0.958418,11.684,0.372078,12.7198
0.960619,11.709,0.372874,12.6887
0.962819,11.766,0.37469,12.6923
0.96502,11.836,0.376919,12.7096
0.96722,11.911,0.379307,12.732
0.969396,11.966,0.381059,12.7335
0.971596,11.763,0.374594,12.4608
0.973797,11.7,0.372588,12.3381
0.975997,11.732,0.373607,12.3161
0.978198,11.747,0.374084,12.2765
0.980374,11.767,0.374721,12.2428
0.982574,11.792,0.375517,12.214
0.984774,11.831,0.376759,12.1997
0.986975,12.06,0.384052,12.3804
0.989175,12.166,0.387428,12.4337
0.991351,12.221,0.389179,12.4352
0.993552,12.222,0.389211,12.3812
0.995752,12.154,0.387045,12.2579
0.997953,12.126,0.386154,12.1758
1.00015,12.107,0.385549,12.1033
1.00233,12.1,0.385326,12.0438
1.00453,12.222,0.389211,12.112
1.00673,11.923,0.379689,11.7641
1.00893,11.78,0.375135,11.5724
1.01113,11.386,0.362588,11.1367
1.01331,11.036,0.351443,10.7481
1.01551,10.925,0.347908,10.5939
1.01771,10.737,0.341921,10.3666
1.01991,10.315,0.328482,9.91625
1.02211,10.025,0.319247,9.59601
1.02431,9.8969,0.315168,9.43273
1.02648,10.55,0.335966,10.0126
1.02869,10.491,0.334087,9.91407
1.03089,10.101,0.321667,9.50481
1.03309,9.954,0.316986,9.32663
1.03529,10.114,0.322081,9.43631
1.03746,10.336,0.329151,9.60302
1.03966,10.362,0.329979,9.58647
1.04186,10.28,0.327368,9.47047
1.04406,10.106,0.321827,9.27097
1.04626,9.9217,0.315958,9.06366
1.04844,9.691,0.308611,8.8162
1.05064,9.4844,0.302032,8.59214
1.05284,9.3662,0.298268,8.44964
1.05504,9.2793,0.2955,8.33636
1.05724,9.2722,0.295274,8.29534
1.05942,9.2867,0.295736,8.27422
1.06162,9.3071,0.296386,8.25805
1.06382,9.3636,0.298185,8.27385
1.06602,9.4397,0.300608,8.3067
1.06822,9.5469,0.304022,8.36646
1.0704,9.6995,0.308882,8.46566
1.0726,9.8158,0.312585,8.53205
1.0748,9.7322,0.309923,8.42478
1.077,9.7003,0.308907,8.36289
1.0792,9.6121,0.306098,8.2531
1.08137,9.5701,0.304761,8.18399
1.08357,9.5297,0.303474,8.11638
1.08577,9.4868,0.302108,8.04713
1.08797,9.4382,0.30056,7.97355
1.09017,9.4155,0.299838,7.9223
1.09237,9.4007,0.299366,7.87801
1.09455,9.4079,0.299596,7.85273
1.09675,9.4683,0.301519,7.87146
1.09895,9.5727,0.304844,7.92642
1.10115,9.5442,0.303936,7.87127
1.10335,9.4802,0.301898,7.78733
1.10553,9.3673,0.298303,7.66433
1.10773,9.2157,0.293475,7.51037
1.10993,9.0615,0.288564,7.35545
1.11213,8.8994,0.283402,7.19531
1.11433,8.7386,0.278282,7.03743
1.11651,8.6086,0.274142,6.90574
1.11871,8.5157,0.271183,6.80437
1.12091,8.4483,0.269037,6.72403
1.12311,8.3851,0.267024,6.64761
1.12531,8.3043,0.264451,6.55783
1.12748,8.2014,0.261174,6.45159
1.12968,8.091,0.257659,6.33998
1.13188,7.9808,0.254149,6.22934
1.13409,7.8942,0.251392,6.13786
1.13629,7.8461,0.24986,6.07685
1.13846,7.734,0.24629,5.96715
1.14066,7.5972,0.241934,5.83901
1.14286,7.5484,0.24038,5.77919
1.14506,7.4983,0.238784,5.71879
1.14726,7.4724,0.237959,5.6772
1.14946,7.4658,0.237749,5.65049
1.15164,7.4806,0.23822,5.64031
1.15384,7.528,0.23973,5.65442
1.15604,7.6228,0.242749,5.70385
1.15824,7.7586,0.247073,5.78343
1.16044,7.9391,0.252821,5.89556
1.16262,8.1024,0.258022,5.99432
1.16482,8.3396,0.265575,6.14652
1.16702,8.6976,0.276976,6.38622
1.16922,8.8584,0.282097,6.47983
1.17142,8.966,0.285523,6.53393
1.1736,9.034,0.287689,6.55909
1.1758,8.8716,0.282517,6.41709
1.178,8.7633,0.279068,6.3151
1.1802,8.609,0.274155,6.18079
1.1824,8.4929,0.270457,6.07477
1.18457,8.3608,0.266251,5.95833
1.18677,8.0502,0.256359,5.71572
1.18897,7.8655,0.250478,5.56393
1.19117,7.7399,0.246478,5.45488
1.19337,7.5952,0.24187,5.33317
1.19555,7.4347,0.236759,5.20149
1.19775,7.2918,0.232208,5.08278
1.19995,7.1374,0.227291,4.95693
1.20215,6.9977,0.222842,4.84213
1.20435,6.8381,0.21776,4.71442
1.20655,6.6443,0.211588,4.56412
1.20873,6.5312,0.207987,4.47029
1.21093,6.4809,0.206385,4.41975
1.21313,6.4118,0.204184,4.35678
1.21533,6.342,0.201962,4.29376
1.21753,6.3172,0.201172,4.26153
1.21971,6.3073,0.200857,4.23968
1.22191,6.2941,0.200436,4.21558
1.22411,6.2865,0.200194,4.19537
1.22631,6.2943,0.200443,4.18551
1.22851,6.3165,0.20115,4.18524
1.23068,6.3464,0.202102,4.1902
1.23288,6.3835,0.203283,4.19966
1.23508,6.4197,0.204436,4.20844
1.23729,6.4508,0.205426,4.2138
1.23949,6.5005,0.207009,4.2312
1.24166,6.5196,0.207617,4.22877
1.24386,6.5098,0.207305,4.20749
1.24606,6.5145,0.207455,4.19567
1.24826,6.5702,0.209229,4.21664
1.25046,6.6334,0.211241,4.24223
1.25264,6.6889,0.213009,4.26288
1.25484,6.6081,0.210436,4.19662
1.25704,6.5873,0.209773,4.16878
1.25924,6.6014,0.210222,4.16312
1.26144,6.6075,0.210417,4.15244
1.26362,6.6491,0.211741,4.1642
1.26582,6.6408,0.211477,4.14456
1.26802,6.6228,0.210904,4.11899
1.27022,6.5639,0.209028,4.06823
1.27242,6.5088,0.207273,4.02014
1.27462,6.4648,0.205872,3.97919
1.2768,6.4488,0.205363,3.95582
1.279,6.441,0.205114,3.93745
1.2812,6.4317,0.204818,3.91827
1.2834,6.4199,0.204442,3.89769
1.2856,6.2942,0.200439,3.8083
1.28777,6.281,0.200019,3.78748
1.28997,6.2874,0.200223,3.77842
1.29217,6.3632,0.202637,3.81096
1.29437,6.3671,0.202761,3.80034
1.29657,6.3959,0.203678,3.80458
1.29875,6.3809,0.2032,3.78295
1.30095,6.3198,0.201255,3.73406
1.30315,6.3082,0.200885,3.71463
1.30535,6.3396,0.201885,3.72055
1.30755,6.4016,0.20386,3.7443
1.30973,6.4856,0.206535,3.78084
1.31193,6.5885,0.209811,3.82795
1.31413,6.6724,0.212483,3.86373
1.31633,6.8123,0.216938,3.93156
1.31853,6.8768,0.218992,3.95555
1.32071,6.9451,0.221167,3.98168
1.32291,6.9573,0.221556,3.97542
1.32511,6.9487,0.221282,3.95733
1.32731,6.9529,0.221416,3.9466
1.32951,6.967,0.221865,3.94153
1.33171,7.0042,0.223049,3.94949
1.33388,6.9724,0.222037,3.91874
1.33608,6.9454,0.221177,3.89072
1.33828,6.9144,0.22019,3.86062
1.34048,6.9075,0.21997,3.84412
1.34269,6.8378,0.21775,3.79287
1.34486,6.8043,0.216684,3.76208
1.34706,6.79,0.216228,3.74192
1.34926,6.7862,0.216107,3.72764
1.35146,6.7849,0.216066,3.7148
1.35366,6.773,0.215687,3.69624
1.35584,6.7676,0.215515,3.68145
1.35804,6.7558,0.215139,3.66313
1.36024,6.7382,0.214579,3.64177
1.36244,6.7168,0.213897,3.61849
1.36464,6.724,0.214126,3.6107
1.36682,6.7307,0.21434,3.6028
1.36902,6.7165,0.213888,3.58365
1.37122,6.6923,0.213117,3.55928
1.37342,6.667,0.212311,3.53448
1.37562,6.6265,0.211022,3.50178
1.37779,6.5614,0.208948,3.45643
1.37999,6.4843,0.206493,3.40493
1.3822,6.3988,0.20377,3.34934
1.3844,6.3651,0.202697,3.32112
1.3866,6.3912,0.203528,3.32416
1.38877,6.4074,0.204044,3.32215
1.39097,6.4253,0.204614,3.3209
1.39317,6.4126,0.20421,3.30388
1.39537,6.433,0.20486,3.30394
1.39757,6.4569,0.205621,3.30579
1.39977,6.4079,0.20406,3.27039
1.40195,6.4113,0.204169,3.26198
1.40415,6.4436,0.205197,3.26814
1.40635,6.4834,0.206465,3.27805
1.40855,6.5154,0.207484,3.28394
1.41075,6.5266,0.20784,3.27934
1.41293,6.4604,0.205732,3.23608
1.41513,6.4399,0.205079,3.21579
1.41733,6.4133,0.204232,3.19257
1.41953,6.4653,0.205888,3.20849
1.42173,6.5038,0.207114,3.21761
1.42391,6.5635,0.209015,3.23723
1.42611,6.6561,0.211964,3.27278
1.42831,6.8383,0.217766,3.35201
1.43051,7.0344,0.224011,3.43754
1.43271,7.25,0.230877,3.53202
1.43488,7.4526,0.237329,3.61972
1.43708,7.7772,0.247666,3.76582
1.43928,8.1782,0.260436,3.94789
1.44148,8.1082,0.258206,3.90216
1.44368,7.912,0.251958,3.79613
1.44586,7.7759,0.247624,3.71961
1.44806,7.6855,0.244746,3.66521
1.45026,7.5929,0.241797,3.61006
1.45246,7.5752,0.241233,3.59075
1.45466,7.6789,0.244535,3.6289
1.45686,7.7307,0.246185,3.64235
1.45904,7.8156,0.248889,3.67137
1.46124,7.8502,0.24999,3.67653
1.46344,7.9414,0.252895,3.70807
1.46564,7.9786,0.254079,3.71426
1.46784,7.9552,0.253334,3.69227
1.47002,7.9156,0.252073,3.66302
1.47222,7.9888,0.254404,3.68585
1.47442,8.0077,0.255006,3.68355
1.47662,8.0236,0.255512,3.67988
1.47882,8.0141,0.25521,3.66459
1.48099,8.0041,0.254891,3.64927
1.48319,8.0065,0.254968,3.63954
1.48539,8.0699,0.256987,3.6575
1.4876,8.2893,0.263974,3.74583
1.4898,8.4532,0.269193,3.80862
1.49197,8.6495,0.275444,3.8857
1.49417,8.9346,0.284523,4.00197
1.49637,9.2439,0.294373,4.12834
1.49857,9.7775,0.311366,4.35384
1.50077,9.837,0.31326,4.3675
1.50295,9.6856,0.308439,4.28783
1.50515,9.4135,0.299774,4.1552
1.50735,9.2649,0.295042,4.07767
1.50955,9.1838,0.292459,4.0302
1.51175,9.1692,0.291994,4.01209
1.51393,9.1341,0.290876,3.98525
1.51613,9.0773,0.289068,3.94898
1.51833,9.0428,0.287969,3.92258
1.52053,9.0222,0.287313,3.90232
1.52273,9.0327,0.287647,3.89558
1.52493,9.0476,0.288122,3.89076
1.52711,9.0656,0.288695,3.88739
1.52931,9.0747,0.288985,3.88011
1.53151,9.0521,0.288265,3.85933
1.53371,9.0638,0.288638,3.85324
1.53591,9.0672,0.288746,3.84365
1.53808,9.0726,0.288918,3.83506
1.54028,9.0761,0.289029,3.82559
1.54248,9.1027,0.289876,3.82586
1.54468,9.1498,0.291376,3.83471
1.54688,9.1663,0.291902,3.8307
1.54906,9.1635,0.291813,3.81878
1.55126,9.1353,0.290915,3.79623
1.55346,9.0789,0.289119,3.76212
1.55566,9.0081,0.286864,3.72223
1.55786,8.9001,0.283425,3.66722
1.56004,8.7538,0.278766,3.59688
1.56224,8.646,0.275333,3.54259
1.56444,8.5741,0.273043,3.50325
1.56664,8.5363,0.271839,3.47802
1.56884,8.5827,0.273317,3.48712
1.57102,8.5716,0.272964,3.47297
1.57322,8.4648,0.269562,3.42011
1.57542,8.3416,0.265639,3.36092
1.57762,8.3452,0.265754,3.353
1.57982,8.6969,0.276954,3.48458
1.58202,8.4537,0.269209,3.37772
1.58419,8.4444,0.268913,3.36474
1.58639,8.4505,0.269107,3.35784
1.58859,8.4967,0.270578,3.36685
1.5908,8.4344,0.268594,3.33293
1.593,8.2016,0.261181,3.23199
1.59517,7.926,0.252404,3.11486
1.59737,7.4934,0.238628,2.93675
1.59957,7.5276,0.239717,2.94204
1.60177,7.5829,0.241478,2.95552
1.60397,7.6888,0.244851,2.98858
1.60615,7.6489,0.24358,2.96502
1.60835,7.4612,0.237603,2.88435
1.61055,7.21,0.229603,2.77963
1.61275,7.1244,0.226877,2.73914
1.61495,7.0628,0.224916,2.70806
1.61713,6.9346,0.220833,2.65175
1.61933,6.8079,0.216798,2.59623
1.62153,6.7069,0.213582,2.55078
1.62373,6.6237,0.210932,2.51231
1.62593,6.5046,0.20714,2.46047
1.6281,6.394,0.203618,2.41217
1.63031,6.3119,0.201003,2.37477
1.63251,6.236,0.198586,2.3399
1.63471,6.1616,0.196217,2.30576
1.63691,6.0913,0.193978,2.27333
1.63911,6.0226,0.19179,2.24166
1.64128,5.998,0.191007,2.22659
1.64348,6.0018,0.191128,2.22204
1.64568,6.0682,0.193242,2.24062
1.64788,5.9552,0.189644,2.19302
1.65008,5.5917,0.178068,2.05367
1.65226,5.4612,0.173912,2.00047
1.65446,5.3594,0.170671,1.95796
1.65666,5.2528,0.167276,1.91392
1.65886,5.1553,0.164171,1.87341
1.66106,5.0695,0.161439,1.83736
1.66324,4.9992,0.1592,1.80714
1.66544,4.9044,0.156181,1.76819
1.66764,4.8436,0.154245,1.74166
1.66984,4.7521,0.151331,1.70426
1.67204,4.675,0.148876,1.6722
1.67422,4.6082,0.146749,1.64403
1.67642,4.5453,0.144746,1.61733
1.67862,4.4753,0.142516,1.58825
1.68082,4.3838,0.139603,1.55171
1.68302,4.2665,0.135867,1.50624
1.68519,4.1598,0.132469,1.46478
1.68739,4.1012,0.130603,1.44038
1.68959,4.052,0.129036,1.4194
1.69179,4.0126,0.127782,1.40194
1.69399,4.0244,0.128157,1.40242
1.69617,4.0224,0.128094,1.39812
1.69837,3.9822,0.126814,1.38057
1.70057,3.9496,0.125775,1.36572
1.70277,3.9561,0.125982,1.36444
1.70497,3.7406,0.11912,1.28679
1.70717,3.6771,0.117098,1.26168
1.70935,3.5984,0.114591,1.23154
1.71155,3.5341,0.112544,1.20642
1.71375,3.4789,0.110786,1.18453
1.71595,3.4746,0.110649,1.18004
1.71815,3.4331,0.109327,1.16296
1.72033,3.3807,0.107659,1.14231
1.72253,3.3577,0.106926,1.13164
1.72473,3.3859,0.107824,1.13824
1.72693,3.3645,0.107143,1.12816
1.72913,3.3686,0.107273,1.12667
1.7313,3.3694,0.107299,1.1241
1.7335,3.2416,0.103229,1.07872
1.73571,3.1403,0.100003,1.04236
1.73791,2.9581,0.094201,0.979401
1.74011,2.7509,0.0876027,0.908497
1.74228,2.4133,0.0768518,0.795013
1.74448,2.3346,0.0743456,0.767148
1.74668,2.2316,0.0710655,0.731456
1.74888,2.1282,0.0677728,0.69581
1.75108,2.0458,0.0651487,0.66719
1.75326,1.9637,0.0625342,0.638826
1.75546,1.8558,0.0590981,0.602212
1.75766,1.7321,0.0551589,0.560664
1.75986,1.5368,0.0489396,0.496204
1.76206,1.3526,0.0430737,0.43564
1.76426,1.2693,0.040421,0.407792
1.76644,1.1828,0.0376664,0.379066
1.76864,1.0047,0.0319948,0.321187
1.77084,0.80331,0.0255815,0.256168
1.77304,0.53566,0.0170581,0.170393
1.77524,0.32163,0.0102423,0.102057
1.77742,0.16029,0.00510445,0.0507374
1.77962,0.051682,0.00164582,0.0163187
1.78182,0,0,0
1.78402,0,0,0
1.78622,0,0,0
1.78839,0,0,0
1.79059,0,0,0
1.79279,0,0,0
1.79499,0,0,0
1.79719,0,0,0
1.79937,0,0,0
1.80157,0,0,0
1.80377,0,0,0
1.80597,0,0,0
1.80817,0,0,0
1.81035,0,0,0
1.81255,0,0,0
1.81475,0,0,0
1.81695,0,0,0
1.81915,0,0,0
1.82133,0,0,0
1.82353,0,0,0
1.82573,0,0,0
1.82793,0,0,0
1.83013,0,0,0
1.83233,0,0,0
1.8345,0,0,0
1.8367,0,0,0
1.8389,0,0,0
1.84111,0,0,0
1.84331,0,0,0
1.84548,0,0,0
1.84768,0,0,0
1.84988,0,0,0
1.85208,0,0,0
1.85428,0,0,0
1.85646,0,0,0
1.85866,0,0,0
1.86086,0,0,0
1.86306,0,0,0
1.86526,0,0,0
1.86744,0,0,0
1.86964,0,0,0
1.87184,0,0,0
1.87404,0,0,0
1.87624,0,0,0
1.87841,0,0,0
1.88062,0,0,0
1.88282,0,0,0
1.88502,0,0,0
1.88722,0,0,0
1.88942,0,0,0
1.89159,0,0,0
1.89379,0,0,0
1.89599,0,0,0
1.89819,0,0,0
1.90039,0,0,0
1.90257,0,0,0
1.90477,0,0,0
1.90697,0,0,0
1.90917,0,0,0
1.91137,0,0,0
1.91355,0,0,0
1.91575,0,0,0
1.91795,0,0,0
1.92015,0,0,0
1.92235,0,0,0
1.92453,0,0,0
1.92673,0,0,0
1.92893,0,0,0
1.93113,0,0,0
1.93333,0,0,0
1.9355,0,0,0
1.9377,0,0,0
1.9399,0,0,0
1.9421,0,0,0
1.94431,0,0,0
1.94648,0,0,0
1.94868,0,0,0
1.95088,0,0,0
1.95308,0,0,0
1.95528,0,0,0
1.95748,0,0,0
1.95966,0,0,0
1.96186,0,0,0
1.96406,0,0,0
1.96626,0,0,0
1.96846,0,0,0
1.97064,0,0,0
1.97284,0,0,0
1.97504,0,0,0
1.97724,0,0,0
1.97944,0,0,0
1.98161,0,0,0
1.98382,0,0,0
1.98602,0,0,0
1.98822,0,0,0
1.99042,0,0,0
1.99259,0,0,0
1.99479,0,0,0
1.99699,0,0,0
1.99919,0,0,0
2.00139,0,0,0
2.00357,0,0,0
2.00577,0,0,0
2.00797,0,0,0
2.01017,0,0,0
2.01237,0,0,0
2.01457,0,0,0
2.01675,0,0,0
2.01895,0,0,0
2.02115,0,0,0
2.02335,0,0,0
2.02555,0,0,0
2.02773,0,0,0
2.02993,0,0,0
2.03213,0,0,0
2.03433,0,0,0
2.03653,0,0,0
2.0387,0,0,0
2.0409,0,0,0
2.0431,0,0,0
2.0453,0,0,0
2.0475,0,0,0
2.04968,0,0,0
2.05188,0,0,0
2.05408,0,0,0
2.05628,0,0,0
2.05848,0.00010835,3.45042e-06,2.55702e-05
2.06066,0.00045863,1.46051e-05,0.000108007
2.06286,0.0010512,3.34756e-05,0.000247028
2.06506,0.0018861,6.00631e-05,0.000442282
2.06726,0.0029633,9.43666e-05,0.000693403
2.06946,0.0042557,0.000135523,0.000993703
2.07164,0.0056571,0.000180151,0.00131816
2.07384,0.0071566,0.000227903,0.00166402
2.07604,0.0087542,0.000278778,0.00203117
2.07824,0.01045,0.000332781,0.0024195
2.08044,0.012244,0.000389911,0.00282888
2.08264,0.014135,0.000450131,0.00325888
2.08481,0.016125,0.000513502,0.00370992
2.08701,0.018213,0.000579995,0.00418148
2.08922,0.020399,0.000649608,0.0046735
2.09142,0.022683,0.000722343,0.00518585
2.09362,0.025065,0.000798198,0.00571839
2.09579,0.027545,0.000877173,0.00627114
2.09799,0.030124,0.000959302,0.00684392
2.10019,0.0328,0.00104452,0.00743628
2.10239,0.035573,0.00113283,0.00804809
2.10459,0.038467,0.00122499,0.00868464
2.10677,0.041492,0.00132132,0.00934825
2.10897,0.044648,0.00142182,0.0100383
2.11117,0.047936,0.00152653,0.0107551
2.11337,0.047169,0.0015021,0.010561
2.11557,0.047686,0.00151857,0.0106546
2.11775,0.04888,0.00155659,0.0108989
2.11995,0.050103,0.00159554,0.0111484
2.12215,0.051366,0.00163576,0.0114058
2.12435,0.052669,0.00167725,0.0116709
2.12655,0.054012,0.00172002,0.0119437
2.12873,0.055395,0.00176406,0.0122245
2.13093,0.056822,0.0018095,0.0125135
2.13313,0.058309,0.00185686,0.0128145
2.13533,0.059858,0.00190618,0.0131279
2.13753,0.061469,0.00195749,0.0134534
2.13973,0.063123,0.00201016,0.013787
2.1419,0.064888,0.00206637,0.0141438
2.1441,0.066706,0.00212426,0.0145102
2.1463,0.068598,0.00218451,0.0148912
2.1485,0.069294,0.00220667,0.0150115
2.1507,0.06995,0.00222757,0.0151226
2.15288,0.070808,0.00225489,0.0152771
2.15508,0.071816,0.00228699,0.015463
2.15728,0.072945,0.00232294,0.0156741
2.15948,0.074124,0.00236049,0.015895
2.16168,0.07535,0.00239953,0.016125
2.16386,0.076621,0.00244,0.016364
2.16606,0.077872,0.00247984,0.0165974
2.16826,0.079066,0.00251787,0.0168177
2.17046,0.080269,0.00255617,0.017039
2.17266,0.081453,0.00259388,0.0172553
2.17484,0.082628,0.0026313,0.0174692
2.17704,0.083808,0.00266887,0.0176829
2.17924,0.084991,0.00270655,0.0178963
2.18144,0.086178,0.00274435,0.0181097
2.18364,0.087384,0.00278275,0.0183261
2.18581,0.088623,0.00282221,0.018549
2.18801,0.089892,0.00286262,0.0187768
2.19021,0.091194,0.00290408,0.0190105
2.19242,0.092527,0.00294653,0.0192497
2.19462,0.093892,0.00299,0.0194945
2.19682,0.095289,0.00303449,0.0197449
2.19899,0.096717,0.00307996,0.0200012
2.20119,0.098172,0.0031263,0.0202615
2.20339,0.099648,0.0031733,0.0205251
2.20559,0.10115,0.00322113,0.0207929
2.20779,0.10267,0.00326954,0.0210633
2.20997,0.10421,0.00331858,0.0213372
2.21217,0.10576,0.00336794,0.0216115
2.21437,0.10728,0.00341634,0.0218785
2.21657,0.10876,0.00346347,0.0221363
2.21877,0.11023,0.00351029,0.0223911
2.22095,0.11167,0.00355614,0.0226391
2.22315,0.11308,0.00360104,0.0228796
2.22535,0.1145,0.00364626,0.0231212
2.22755,0.11588,0.00369021,0.0233536
2.22975,0.11722,0.00373288,0.0235771
2.23192,0.11853,0.0037746,0.0237941
2.23413,0.1198,0.00381504,0.0240017
2.23633,0.12103,0.00385421,0.0242004
2.23853,0.12222,0.00389211,0.0243903
2.24073,0.12339,0.00392937,0.0245755
2.2429,0.12457,0.00396694,0.0247624
2.2451,0.12577,0.00400516,0.024952
2.2473,0.12697,0.00404337,0.0251407
2.2495,0.12819,0.00408222,0.0253327
2.2517,0.12946,0.00412267,0.0255337
2.25388,0.13078,0.0041647,0.0257442
2.25608,0.13214,0.00420801,0.0259612
2.25828,0.13354,0.0042526,0.0261852
2.26048,0.13497,0.00429813,0.0264141
2.26268,0.13642,0.00434431,0.0266459
2.26488,0.13789,0.00439112,0.0268808
2.26706,0.13939,0.00443889,0.027121
2.26926,0.14091,0.00448729,0.0273636
2.27146,0.14245,0.00453634,0.0276091
2.27366,0.144,0.0045857,0.0278555
2.27586,0.14553,0.00463442,0.0280971
2.27804,0.14705,0.00468282,0.0283363
2.28024,0.14856,0.00473091,0.0285721
2.28244,0.15007,0.00477899,0.0288069
2.28464,0.15157,0.00482676,0.0290388
2.28684,0.15308,0.00487485,0.0292717
2.28901,0.1546,0.00492325,0.0295062
2.29121,0.15612,0.00497166,0.0297391
2.29341,0.15767,0.00502102,0.0299767
2.29561,0.15922,0.00507038,0.0302134
2.29782,0.1608,0.00512069,0.0304548
2.29999,0.16239,0.00517133,0.0306978
2.30219,0.16399,0.00522228,0.030941
2.30439,0.16555,0.00527196,0.0311757
2.30659,0.16717,0.00532355,0.0314208
2.30879,0.1687,0.00537227,0.0316479
2.31097,0.1703,0.00542322,0.0318879
2.31317,0.172,0.00547736,0.032145
2.31537,0.1738,0.00553468,0.0324197
2.31757,0.1757,0.00559519,0.0327119
2.31977,0.1777,0.00565888,0.0330215
2.32197,0.17967,0.00572161,0.0333244
2.32415,0.1815,0.00577989,0.0336008
2.32635,0.18332,0.00583784,0.0338735
2.32855,0.18513,0.00589548,0.0341434
2.33075,0.18694,0.00595312,0.0344121
2.33295,0.18874,0.00601045,0.034678
2.33512,0.19055,0.00606808,0.0349453
2.33733,0.19235,0.00612541,0.035209
2.33953,0.19416,0.00618305,0.0354735
2.34173,0.19598,0.006241,0.0357388
2.34393,0.1978,0.00629896,0.036003
2.3461,0.19962,0.00635692,0.0362669
2.3483,0.20146,0.00641551,0.0365326
2.3505,0.2033,0.00647411,0.0367973
2.3527,0.20515,0.00653302,0.0370627
2.3549,0.207,0.00659194,0.0373271
2.35708,0.20886,0.00665117,0.037593
2.35928,0.21073,0.00671072,0.0378588
2.36148,0.2126,0.00677027,0.0381236
2.36368,0.21449,0.00683046,0.038391
2.36588,0.21636,0.00689001,0.0386537
2.36806,0.21835,0.00695338,0.0389375
2.37026,0.22041,0.00701898,0.039232
2.37246,0.22285,0.00709668,0.0395927
2.37466,0.22531,0.00717502,0.0399556
2.37686,0.2279,0.0072575,0.0403401
2.37904,0.23061,0.0073438,0.0407452
2.38124,0.23329,0.00742914,0.0411426
2.38344,0.23584,0.00751035,0.0415155
2.38564,0.23835,0.00759028,0.04188
2.38784,0.24085,0.00766989,0.0422413
2.39004,0.24332,0.00774855,0.042596
2.39221,0.24579,0.00782721,0.0429501
2.39441,0.24828,0.0079065,0.0433055
2.39661,0.25076,0.00798548,0.0436578
2.39881,0.25326,0.00806509,0.0440122
2.40101,0.25577,0.00814502,0.044367
2.40319,0.2603,0.00828928,0.045071
2.40539,0.27464,0.00874594,0.047467
2.40759,0.29615,0.00943093,0.0510912
2.40979,0.32172,0.0102452,0.0554012
2.41199,0.35162,0.0111974,0.0604396
2.41417,0.38575,0.0122842,0.0661867
2.41637,0.42344,0.0134845,0.0725213
2.41847,0.46684,0.0148666,0.0798152
2.42065,0.50903,0.0162101,0.086872
2.42307,0.54931,0.0174928,0.0935592
2.42524,0.58896,0.0187555,0.100133
2.42742,0.62985,0.0200576,0.106893
2.4296,0.66935,0.0213155,0.113393
2.43177,0.70806,0.0225482,0.119736
2.43395,0.74498,0.023724,0.125754
2.43612,0.77965,0.024828,0.131371
2.4383,0.81405,0.0259235,0.136923
2.44048,0.84852,0.0270212,0.142467
2.44265,0.8835,0.0281352,0.148075
2.44483,0.91047,0.028994,0.152324
2.44701,0.92925,0.0295921,0.15519
2.44942,0.95046,0.0302675,0.158419
2.4516,0.97609,0.0310837,0.162402
2.45378,1.0015,0.0318929,0.166334
2.45595,1.0274,0.0327177,0.170333
2.45813,1.0544,0.0335775,0.1745
2.4603,1.0819,0.0344532,0.178735
2.46248,1.11,0.0353481,0.183053
2.46466,1.1382,0.0362461,0.187372
2.46683,1.1663,0.0371409,0.19166
2.46901,1.1964,0.0380995,0.19626
2.47119,1.2282,0.0391122,0.201122
2.47336,1.2606,0.0401439,0.206064
2.47578,1.2934,0.0411885,0.211013
2.47796,1.3258,0.0422202,0.215919
2.48013,1.3607,0.0433316,0.221214
2.48231,1.3983,0.044529,0.226929
2.48448,1.4383,0.0458028,0.233011
2.48666,1.4805,0.0471467,0.239428
2.48884,1.5358,0.0489077,0.247937
2.49101,1.5972,0.050863,0.257399
2.49319,1.6515,0.0525922,0.265686
2.49536,1.6942,0.053952,0.27208
2.49754,1.731,0.0551239,0.277506
2.49972,1.7668,0.0562639,0.282752
2.50189,1.8028,0.0574104,0.288012
2.50431,1.8365,0.0584835,0.292829
2.50649,1.8694,0.0595312,0.297558
2.50866,1.8996,0.060493,0.30184
2.51084,1.9275,0.0613814,0.305743
2.51302,1.9534,0.0622062,0.309315
2.51519,1.977,0.0629578,0.31251
2.51737,1.9956,0.0635501,0.314905
2.51954,2.0111,0.0640437,0.316803
2.52172,2.0245,0.0644704,0.318364
2.5239,2.0431,0.0650627,0.320735
2.52607,2.0706,0.0659385,0.324492
2.52825,2.1006,0.0668938,0.328627
2.53067,2.1297,0.0678205,0.332543
2.53284,2.1573,0.0686994,0.336274
2.53502,2.1869,0.0696421,0.340303
2.5372,2.2193,0.0706738,0.344753
2.53937,2.2536,0.0717661,0.349481
2.54155,2.2946,0.0730718,0.35523
2.54372,2.3434,0.0746258,0.362165
2.5459,2.3904,0.0761225,0.368797
2.54808,2.4403,0.0777116,0.375853
2.55025,2.4944,0.0794344,0.38353
2.55243,2.5367,0.0807815,0.389369
2.55461,2.572,0.0819056,0.394115
2.55678,2.6046,0.0829438,0.398432
2.5592,2.6359,0.0839405,0.402458
2.56138,2.6663,0.0849086,0.406408
2.56355,2.6938,0.0857843,0.409903
2.56573,2.7144,0.0864404,0.412337
2.5679,2.7406,0.0872747,0.415612
2.57008,2.7622,0.0879626,0.418178
2.57226,2.7823,0.0886026,0.420509
2.57443,2.8011,0.0892013,0.422635
2.57661,2.8176,0.0897268,0.424407
2.57879,2.8323,0.0901949,0.425901
2.58096,2.8475,0.0906789,0.427465
2.58314,2.866,0.0912681,0.429518
2.58556,2.8881,0.0919718,0.432021
2.58773,2.9131,0.092768,0.435028
2.58991,2.9398,0.0936182,0.438277
2.59208,2.968,0.0945163,0.441739
2.59426,2.9975,0.0954557,0.445381
2.59644,3.0267,0.0963856,0.448966
2.59861,3.0635,0.0975575,0.453664
2.60079,3.0993,0.0986975,0.458198
2.60297,3.1361,0.0998694,0.462864
2.60514,3.175,0.101108,0.467822
2.60732,3.2164,0.102427,0.473132
2.60949,3.2566,0.103707,0.478247
2.61191,3.2998,0.105082,0.483694
2.61409,3.3455,0.106538,0.489577
2.61626,3.3907,0.107977,0.495366
2.61844,3.4343,0.109366,0.500902
2.62062,3.4752,0.110668,0.506026
2.62279,3.5151,0.111939,0.510987
2.62497,3.5569,0.11327,0.516206
2.62715,3.6053,0.114811,0.522364
2.62932,3.6573,0.116467,0.529021
2.6315,3.7116,0.118196,0.535988
2.63367,3.7665,0.119945,0.543018
2.63585,3.8265,0.121855,0.550757
2.63803,3.877,0.123463,0.557106
2.64044,3.8936,0.123992,0.558467
2.64262,3.8946,0.124024,0.557691
2.6448,3.8936,0.123992,0.55663
2.64697,3.8716,0.123292,0.552575
2.64915,3.8447,0.122435,0.547835
2.65133,3.883,0.123655,0.552384
2.6535,3.9223,0.124906,0.55706
2.65568,3.9541,0.125919,0.560657
2.65785,3.9576,0.12603,0.560234
2.66003,3.9315,0.125199,0.555629
2.66221,3.905,0.124355,0.550982
2.66438,3.8783,0.123505,0.546322
2.6668,3.9201,0.124836,0.551209
2.66898,4.0089,0.127664,0.562776
2.67115,4.119,0.13117,0.57729
2.67333,4.2108,0.134093,0.589196
2.67551,4.5646,0.14536,0.637663
2.67768,4.7545,0.151408,0.663112
2.67986,4.8769,0.155305,0.679079
2.68203,5.3106,0.169117,0.73827
2.68421,5.9847,0.190583,0.830634
2.68639,6.8577,0.218384,0.950258
2.68856,8.1497,0.259528,1.12746
2.69074,8.9488,0.284975,1.23601
2.69291,10.473,0.333514,1.4442
2.69533,12.088,0.384944,1.66391
2.69751,13.78,0.438826,1.89375
2.69968,13.046,0.415451,1.78999
2.70186,13.428,0.427616,1.83944
2.70404,14.058,0.447678,1.92264
2.70621,14.417,0.459111,1.96857
2.70839,14.797,0.471212,2.01721
2.71057,15.053,0.479364,2.04882
2.71274,15.04,0.47895,2.04376
2.71492,15.075,0.480065,2.04524
2.71709,15.059,0.479555,2.0398
2.71927,15.229,0.484969,2.05952
2.72169,15.278,0.48653,2.06248
2.72386,15.526,0.494427,2.09261
2.72604,15.914,0.506783,2.14148
2.72822,16.06,0.511432,2.15768
2.73039,16.354,0.520795,2.19368
2.73257,16.737,0.532992,2.24148
2.73475,17.049,0.542927,2.27963
2.73692,17.119,0.545156,2.28535
2.7391,17.103,0.544647,2.27959
2.74127,16.884,0.537673,2.24683
2.74345,16.74,0.533087,2.22414
2.74563,16.606,0.52882,2.20284
2.74804,16.5,0.525444,2.18492
2.75022,16.694,0.531622,2.20712
2.7524,16.779,0.534329,2.21485
2.75457,16.944,0.539583,2.2331
2.75675,17.365,0.55299,2.28497
2.75893,17.32,0.551557,2.27545
2.7611,17.45,0.555697,2.28892
2.76328,17.774,0.566015,2.32775
2.76545,18.473,0.588275,2.41549
2.76763,18.029,0.574135,2.35372
2.76981,17.602,0.560538,2.29437
2.77198,17.846,0.568308,2.32252
2.77416,18.045,0.574645,2.34474
2.77658,18.198,0.579517,2.3605
2.77875,17.479,0.556621,2.26369
2.78093,16.611,0.528979,2.14791
2.78311,16.51,0.525763,2.13151
2.78528,16.695,0.531654,2.15203
2.78746,16.694,0.531622,2.14854
2.78963,16.599,0.528597,2.13298
2.79181,15.779,0.502484,2.02445
2.79399,14.507,0.461977,1.85836
2.79616,13.689,0.435928,1.75084
2.79834,13.722,0.436979,1.75233
2.80052,13.997,0.445736,1.78467
2.80293,14.731,0.46911,1.87502
2.80511,14.897,0.474397,1.89321
2.80729,15.37,0.489459,1.9503
2.80946,15.792,0.502898,2.00074
2.81164,15.316,0.48774,1.93743
2.81381,14.94,0.475766,1.88695
2.81599,14.689,0.467773,1.85238
2.81817,14.561,0.463697,1.8334
2.82034,14.59,0.46462,1.83422
2.82252,15.145,0.482294,1.90106
2.8247,15.417,0.490956,1.93222
2.82687,15.735,0.501083,1.96904
2.82905,16.33,0.520031,2.04035
2.83147,16.406,0.522451,2.04635
2.83364,16.366,0.521177,2.03823
2.83582,16.334,0.520158,2.03112
2.83799,16.149,0.514267,2.00504
2.84017,15.845,0.504586,1.96428
2.84235,16.511,0.525795,2.04371
2.84452,16.67,0.530858,2.06024
2.8467,16.37,0.521304,2.02007
2.84887,16.443,0.523629,2.02598
2.85105,16.477,0.524712,2.02707
2.85323,16.451,0.523884,2.02078
2.8554,17.203,0.547831,2.10994
2.85782,17.476,0.556525,2.13979
2.86,17.073,0.543691,2.08727
2.86217,17.144,0.545952,2.09276
2.86435,16.94,0.539456,2.06472
2.86653,16.674,0.530985,2.02921
2.8687,16.636,0.529775,2.02152
2.87088,16.757,0.533628,2.03314
2.87305,17.529,0.558213,2.12358
2.87523,17.104,0.544679,2.06896
2.87741,16.615,0.529106,2.00677
2.87958,16.314,0.519521,1.96744
2.88176,16.176,0.515126,1.94785
2.88418,16.157,0.514521,1.9423
2.88635,16.12,0.513343,1.93493
2.88853,15.885,0.505859,1.90385
2.89071,16.209,0.516177,1.93976
2.89288,16.292,0.51882,1.94676
2.89506,16.686,0.531367,1.99085
2.89723,16.922,0.538883,2.01597
2.89941,17.297,0.550825,2.05755
2.90159,17.925,0.570824,2.12906
2.90376,18.71,0.595822,2.21897
2.90594,20.56,0.654735,2.43473
2.90812,23.21,0.739125,2.74443
2.91029,24.682,0.786001,2.91412
2.91271,25.36,0.807592,2.9892
2.91489,26.3,0.837526,3.09537
2.91706,26.194,0.834151,3.0783
2.91924,27.105,0.863162,3.18061
2.92141,30.125,0.959334,3.52972
2.92359,30.043,0.956723,3.51488
2.92577,30.297,0.964811,3.53932
2.92794,30.967,0.986147,3.61222
2.93012,30.962,0.985988,3.60627
2.9323,31.123,0.991115,3.61964
2.93447,31.402,1,3.64668
2.93665,29.762,0.947774,3.45111
2.93907,28.668,0.912935,3.31878
2.94124,27.714,0.882555,3.2036
2.94342,28.967,0.922457,3.34349
2.94559,28.101,0.894879,3.23874
2.94777,28.211,0.898382,3.24662
2.94995,28.966,0.922425,3.32859
2.95212,27.617,0.879466,3.16889
2.9543,26.628,0.847971,3.05091
2.95648,25.64,0.816509,2.93339
2.95865,23.899,0.761066,2.73018
2.96083,21.461,0.683428,2.44807
2.963,19.713,0.627763,2.24537
2.96518,19.143,0.609611,2.17725
2.9676,18.239,0.580823,2.07105
2.96977,19.254,0.613146,2.1831
2.97195,20.449,0.651201,2.3152
2.97413,20.122,0.640787,2.27485
2.9763,19.632,0.625183,2.21621
2.97848,19.394,0.617604,2.18614
2.98066,18.729,0.596427,2.1081
2.98283,18.246,0.581046,2.05074
2.98501,17.394,0.553914,1.95213
2.98718,16.798,0.534934,1.88249
2.98936,16.503,0.52554,1.84674
2.99154,16.206,0.516082,1.81087
2.99395,15.91,0.506656,1.77492
2.99613,15.566,0.495701,1.73403
2.99831,15.194,0.483855,1.69013
3.00048,14.91,0.474811,1.65613
3.00266,14.549,0.463314,1.61369
3.00484,14.191,0.451914,1.57171
3.00701,14.117,0.449557,1.56125
3.00919,13.95,0.444239,1.54055
3.01136,13.836,0.440609,1.52575
3.01354,13.642,0.434431,1.50219
3.01572,13.058,0.415833,1.43581
3.01789,12.276,0.390931,1.34787
3.02031,12.056,0.383925,1.3216
3.02249,12.064,0.384179,1.32057
3.02466,12.183,0.387969,1.33168
3.02684,12.416,0.395389,1.3552
3.02902,12.032,0.38316,1.3114
3.03119,11.99,0.381823,1.30495
3.03337,12.065,0.384211,1.31123
3.03554,12.082,0.384753,1.31119
3.03772,11.693,0.372365,1.26716
3.0399,11.594,0.369212,1.25463
3.04207,11.519,0.366824,1.24473
3.04425,11.48,0.365582,1.23874
3.04642,11.417,0.363576,1.23019
3.04884,11.305,0.360009,1.21619
3.05102,11.43,0.36399,1.22788
3.0532,11.221,0.357334,1.20371
3.05537,11.216,0.357175,1.20146
3.05755,11.069,0.352493,1.18403
3.05972,10.725,0.341539,1.1456
3.0619,10.62,0.338195,1.13277
3.06408,10.568,0.336539,1.12563
3.06625,10.52,0.335011,1.11892
3.06843,10.378,0.330489,1.10225
3.0706,9.9857,0.317996,1.05908
3.07278,9.718,0.309471,1.02923
3.0752,9.545,0.303962,1.00932
3.07737,9.3948,0.299178,0.992034
3.07955,9.299,0.296128,0.980531
3.08173,9.2313,0.293972,0.972018
3.0839,9.0467,0.288093,0.951237
3.08608,8.8985,0.283374,0.934335
3.08826,8.7778,0.27953,0.920363
3.09043,8.6157,0.274368,0.902095
3.09261,8.4074,0.267735,0.879047
3.09478,8.1555,0.259713,0.85151
3.09696,7.7961,0.248268,0.812842
3.09914,7.6177,0.242586,0.793126
3.10155,7.5665,0.240956,0.786568
3.10373,7.6554,0.243787,0.794694
3.10591,7.7856,0.247933,0.807077
3.10808,7.8338,0.249468,0.810937
3.11026,7.8751,0.250783,0.814072
3.11244,8.1625,0.259936,0.842602
3.11461,8.5246,0.271467,0.878752
3.11679,8.8273,0.281106,0.908685
3.11896,8.9338,0.284498,0.918365
3.12114,8.9293,0.284354,0.916623
3.12332,8.9993,0.286584,0.922522
3.12549,9.1222,0.290497,0.933819
3.12767,9.106,0.289982,0.930864
3.13009,9.1744,0.29216,0.936407
3.13226,9.2023,0.293048,0.93795
3.13444,9.1954,0.292828,0.935946
3.13662,9.1982,0.292918,0.934932
3.13879,9.1889,0.292621,0.932693
3.14097,9.1499,0.29138,0.927447
3.14314,9.1098,0.290103,0.922105
3.14532,9.0709,0.288864,0.916897
3.1475,9.05,0.288198,0.91352
3.14967,9.0482,0.288141,0.912077
3.15185,9.1294,0.290727,0.918991
3.15403,9.1214,0.290472,0.916919
3.15644,9.1126,0.290192,0.914632
3.15862,9.1304,0.290759,0.915156
3.1608,9.1645,0.291844,0.91731
3.16297,9.1909,0.292685,0.918687
3.16515,9.2162,0.293491,0.919949
3.16732,9.2645,0.295029,0.9235
3.1695,9.3031,0.296258,0.926075
3.17168,9.3805,0.298723,0.932499
3.17385,9.5719,0.304818,0.950221
3.17603,9.8417,0.31341,0.975666
3.17821,10.22,0.325457,1.01178
3.18038,10.738,0.341953,1.06161
3.18256,10.852,0.345583,1.07141
3.18498,10.75,0.342335,1.05973
3.18715,10.553,0.336061,1.03889
3.18933,10.131,0.322623,0.995988
3.1915,9.8602,0.313999,0.968044
3.19368,9.5898,0.305388,0.940214
3.19586,9.3033,0.296265,0.910883
3.19803,9.208,0.29323,0.900325
3.20021,8.9644,0.285472,0.875315
3.20238,8.5971,0.273776,0.83831
3.20456,8.3098,0.264626,0.809195
3.20674,8.0679,0.256923,0.784574
3.20891,7.7772,0.247666,0.755279
3.21133,7.1132,0.226521,0.689755
3.21351,6.7865,0.216117,0.657184
3.21568,6.5034,0.207101,0.628918
3.21786,6.3029,0.200717,0.608704
3.22004,6.1763,0.196685,0.595672
3.22221,6.0388,0.192306,0.581624
3.22439,5.8942,0.187701,0.566931
3.22656,5.7271,0.18238,0.550116
3.22874,5.5544,0.17688,0.532808
3.23092,5.3443,0.17019,0.511964
3.23309,5.1457,0.163865,0.492275
3.23527,4.9558,0.157818,0.47347
3.23769,4.791,0.15257,0.457042
3.23986,4.6436,0.147876,0.442386
3.24204,4.4731,0.142446,0.425571
3.24422,4.321,0.137603,0.410549
3.24639,4.1795,0.133097,0.396572
3.24857,4.0434,0.128762,0.383145
3.25074,3.9187,0.124791,0.370831
3.25292,3.8025,0.121091,0.359354
3.2551,3.6914,0.117553,0.348388
3.25727,3.5836,0.11412,0.337762
3.25945,3.4591,0.110155,0.325593
3.26163,3.3869,0.107856,0.318371
3.2638,3.2997,0.105079,0.309761
3.26622,3.2097,0.102213,0.300866
3.2684,3.11,0.0990383,0.291133
3.27057,2.9888,0.0951787,0.279415
3.27275,2.8836,0.0918285,0.269222
3.27492,2.7895,0.0888319,0.26009
3.2771,2.6881,0.0856028,0.250303
3.27928,2.5865,0.0823674,0.240523
3.28145,2.4936,0.079409,0.231576
3.28363,2.398,0.0763646,0.222403
3.28581,2.2783,0.0725527,0.211022
3.28798,2.1039,0.0669989,0.194611
3.29016,1.9368,0.0616776,0.178917
3.29258,1.8049,0.0574772,0.166487
3.29475,1.6912,0.0538564,0.155794
3.29693,1.6145,0.0514139,0.148532
3.2991,1.5844,0.0504554,0.14557
3.30128,1.5504,0.0493727,0.142259
3.30346,1.5233,0.0485096,0.139588
3.30563,1.4948,0.0476021,0.136796
3.30781,1.4627,0.0465798,0.133682
3.30999,1.4328,0.0456277,0.130778
3.31216,1.4054,0.0447551,0.128108
3.31434,1.3747,0.0437775,0.125145
3.31651,1.3549,0.0431469,0.123181
3.31869,1.3088,0.0416789,0.118834
3.32111,1.3255,0.0422107,0.120175
3.32328,1.2403,0.0394975,0.112303
3.32546,1.1483,0.0365677,0.103837
3.32764,1.0539,0.0335616,0.095176
3.32981,0.96238,0.0306471,0.0867974
3.33199,0.8961,0.0285364,0.0807141
3.33417,0.84449,0.0268929,0.0759662
3.33634,0.80161,0.0255274,0.0720149
3.33852,0.76275,0.0242899,0.0684345
3.34069,0.72647,0.0231345,0.0650945
3.34287,0.69407,0.0221027,0.0621104
3.34505,0.6464,0.0205847,0.0577693
3.34746,0.63385,0.020185,0.0565659
3.34964,0.60571,0.0192889,0.0539844
3.35182,0.57865,0.0184272,0.0515057
3.35399,0.55481,0.017668,0.0493197
3.35617,0.53085,0.016905,0.0471286
3.35835,0.51149,0.0162885,0.045351
3.36052,0.49036,0.0156156,0.0434212
3.3627,0.46707,0.0148739,0.0413054
3.36487,0.43827,0.0139568,0.0387083
3.36705,0.40804,0.0129941,0.0359918
3.36923,0.3575,0.0113846,0.0314931
3.3714,0.34955,0.0111315,0.030753
3.37382,0.31987,0.0101863,0.0281015
3.376,0.26293,0.00837303,0.0230694
3.37817,0.26722,0.00850965,0.0234156
3.38035,0.211,0.00671932,0.0184654
3.38253,0.18544,0.00590536,0.0162077
3.3847,0.16759,0.00533692,0.0146288
3.38688,0.09362,0.00298134,0.00816149
3.38905,0.035559,0.00113238,0.00309594
3.39123,0.0011717,3.73129e-05,0.000101883
3.39341,0,0,0
3.39558,0,0,0
3.39776,0,0,0
3.39993,0,0,0
3.40235,0,0,0
3.40453,0,0,0
3.40671,0,0,0
3.40888,0,0,0
3.41106,0,0,0
3.41323,0,0,0
3.41541,0,0,0
3.41759,0,0,0
3.41976,0,0,0
3.42194,0,0,0
3.42411,0,0,0
3.42629,0,0,0
3.42871,0,0,0
3.43088,0,0,0
3.43306,0,0,0
3.43524,0,0,0
3.43741,0,0,0
3.43959,0,0,0
3.44177,0,0,0
3.44394,0,0,0
3.44612,0,0,0
3.44829,0,0,0
3.45047,0,0,0
3.45265,0,0,0
3.45482,0,0,0
3.45724,0,0,0
3.45942,0,0,0
3.46159,0,0,0
3.46377,0,0,0
3.46595,0,0,0
3.46812,0,0,0
3.4703,0,0,0
3.47247,0,0,0
3.47465,0,0,0
3.47683,0,0,0
3.479,0,0,0
3.48118,0,0,0
3.4836,0,0,0
3.48577,0,0,0
3.48795,0,0,0
3.49013,0,0,0
3.4923,0,0,0
3.49448,0,0,0
3.49665,0,0,0
3.49883,0,0,0
3.50101,0,0,0
3.50318,0,0,0
3.50536,0,0,0
3.50754,0,0,0
3.50995,0,0,0
3.51213,0,0,0
3.51431,0,0,0
3.51648,0,0,0
3.51866,0,0,0
3.52083,0,0,0
3.52301,0,0,0
3.52519,0,0,0
3.52736,0,0,0
3.52954,0,0,0
3.53172,0,0,0
3.53389,0,0,0
3.53607,0,0,0
3.53849,0,0,0
3.54066,0,0,0
3.54284,0,0,0
3.54501,0,0,0
3.54719,0,0,0
3.54937,0,0,0
3.55154,0,0,0
3.55372,0,0,0
3.55589,0,0,0
3.55807,0,0,0
3.56025,0,0,0
3.56242,0,0,0
3.56484,0,0,0
3.56702,0,0,0
3.56919,0,0,0
3.57137,0,0,0
3.57355,0,0,0
3.57572,0,0,0
3.5779,0,0,0
3.58007,0,0,0
3.58225,0,0,0
3.58443,0,0,0
3.5866,0,0,0
3.58878,0,0,0
3.5912,0,0,0
3.59337,0,0,0
3.59555,0,0,0
3.59773,0,0,0
3.5999,0,0,0
3.60208,0,0,0
3.60425,0,0,0
3.60643,0,0,0
3.60861,0,0,0
3.61078,0,0,0
3.61296,0,0,0
3.61514,0,0,0
3.61731,0,0,0
3.61973,0,0,0
3.62191,0,0,0
3.62408,0,0,0
3.62626,0,0,0
3.62843,0,0,0
3.63061,0,0,0
3.63279,0,0,0
3.63496,0,0,0
3.63714,0,0,0
3.63932,0,0,0
3.64149,0,0,0
3.64367,0,0,0
3.64609,0,0,0
3.64826,0,0,0
3.65044,0,0,0
3.65261,0,0,0
3.65479,0,0,0
3.65697,0,0,0
3.65914,0,0,0
3.66132,0,0,0
3.6635,0,0,0
3.66567,0,0,0
3.66785,0,0,0
3.67002,0,0,0
3.6722,0,0,0
3.67462,0,0,0
3.67679,0,0,0
3.67897,0,0,0
3.68115,0,0,0
3.68332,0,0,0
3.6855,0,0,0
3.68768,0,0,0
3.68985,0,0,0
3.69203,0,0,0
3.6942,0,0,0
3.69638,0,0,0
3.69856,0,0,0
3.70097,0,0,0
3.70315,0,0,0
3.70533,0,0,0
3.7075,0,0,0
3.70968,0,0,0
3.71186,0,0,0
3.71403,0,0,0
3.71621,0,0,0
3.71838,0,0,0
3.72056,0,0,0
3.72274,0,0,0
3.72491,0,0,0
3.72733,0,0,0
3.72951,0,0,0
3.73168,0,0,0
3.73386,0,0,0
3.73604,0,0,0
3.73821,0,0,0
3.74039,0,0,0
3.74256,0,0,0
3.74474,0,0,0
3.74692,0,0,0
3.74909,0,0,0
3.75127,0,0,0
3.75344,0,0,0
3.75586,0,0,0
3.75804,0,0,0
3.76022,0,0,0
3.76239,0,0,0
3.76457,0,0,0
3.76674,0,0,0
3.76892,0,0,0
3.7711,0,0,0
3.77327,0,0,0
3.77545,0,0,0
3.77762,0,0,0
3.7798,0,0,0
3.78222,0,0,0
3.78439,0,0,0
3.78657,0,0,0
3.78875,0,0,0
3.79092,0,0,0
3.7931,0,0,0
3.79528,0,0,0
3.79745,0,0,0
3.79963,0,0,0
3.8018,0,0,0
3.80398,0,0,0
3.80616,0,0,0
3.80833,0,0,0
3.81075,0,0,0
3.81293,0,0,0
3.8151,0,0,0
3.81728,0,0,0
3.81946,0,0,0
3.82163,0,0,0
3.82381,0,0,0
3.82598,0,0,0
3.82816,0,0,0
3.83034,0,0,0
3.83251,0,0,0
3.83469,0,0,0
3.83711,0,0,0
3.83928,0,0,0
3.84146,0,0,0
3.84364,0,0,0
3.84581,0,0,0
3.84799,0,0,0
3.85016,0,0,0
3.85234,0,0,0
3.85452,0,0,0
3.85669,0,0,0
3.85887,0,0,0
3.86105,0,0,0
3.86346,0,0,0
3.86564,0,0,0
3.86782,0,0,0
3.86999,0,0,0
3.87217,0,0,0
3.87434,0,0,0
3.87652,0,0,0
3.8787,0,0,0
3.88087,0,0,0
3.88305,0,0,0
3.88523,0,0,0
3.8874,0,0,0
3.88958,0,0,0
3.892,0,0,0
3.89417,0,0,0
3.89635,0,0,0
3.89852,0,0,0
3.9007,0,0,0
3.90288,0,0,0
3.90505,0,0,0
3.90723,0,0,0
3.90941,0,0,0
3.91158,0,0,0
3.91376,0,0,0
3.91593,0,0,0
3.91835,0,0,0
3.92053,0,0,0
3.9227,0,0,0
3.92488,0,0,0
3.92706,0,0,0
3.92923,0,0,0
3.93141,0,0,0
3.93358,0,0,0
3.93576,0,0,0
3.93794,0,0,0
3.94011,0,0,0
3.94229,0,0,0
3.94447,0,0,0
3.94688,0,0,0
3.94906,0,0,0
3.95124,0,0,0
3.95341,0,0,0
3.95559,0,0,0
3.95776,0,0,0
3.95994,0,0,0
3.96212,0,0,0
3.96429,0,0,0
3.96647,0,0,0
3.96865,0,0,0
3.97082,0,0,0
3.97324,0,0,0
3.97542,0,0,0
3.97759,0,0,0
3.97977,0,0,0
3.98194,0,0,0
3.98412,0,0,0
3.9863,0,0,0
3.98847,0,0,0
3.99065,0,0,0
3.99283,0,0,0
3.995,0,0,0
3.99718,0,0,0
3.9996,0,0,0
4.00177,0,0,0
4.00395,0,0,0
4.00612,0,0,0
4.0083,0,0,0
4.01048,0,0,0
4.01265,0,0,0
4.01483,0,0,0
4.01701,0,0,0
4.01918,0,0,0
4.02136,0,0,0
4.02353,0,0,0
4.02571,0,0,0
4.02813,0,0,0
4.0303,0,0,0
4.03248,0,0,0
4.03466,0,0,0
4.03683,0,0,0
4.03901,0,0,0
4.04119,0,0,0
4.04336,0,0,0
4.04554,0,0,0
4.04771,0,0,0
4.04989,0,0,0
4.05207,0,0,0
4.05448,0,0,0
4.05666,0,0,0
4.05884,0,0,0
4.06101,0,0,0
4.06319,0,0,0
4.06537,0,0,0
4.06754,0,0,0
4.06972,0,0,0
4.07189,0,0,0
4.07407,0,0,0
4.07625,0,0,0
4.07842,0,0,0
4.0806,0,0,0
4.08302,0,0,0
4.08519,0,0,0
4.08737,0,0,0
4.08955,0,0,0
4.09172,0,0,0
4.0939,0,0,0
4.09607,0,0,0
4.09825,0,0,0
4.10043,0,0,0
4.1026,0,0,0
4.10478,0,0,0
4.10695,0,0,0
4.10937,0,0,0
4.11155,0,0,0
4.11373,0,0,0
4.1159,0,0,0
4.11808,0,0,0
4.12025,0,0,0
4.12243,0,0,0
4.12461,0,0,0
4.12678,0,0,0
4.12896,0,0,0
4.13113,0,0,0
4.13331,0,0,0
4.13573,0,0,0
4.1379,0,0,0
4.14008,0,0,0
4.14226,0,0,0
4.14443,0,0,0
4.14661,0,0,0
4.14879,0,0,0
4.15096,0,0,0
4.15314,0,0,0
4.15531,0,0,0
4.15749,0,0,0
4.15967,0,0,0
4.16184,0,0,0
4.16426,0,0,0
4.16644,0,0,0
4.16861,0,0,0
4.17079,0,0,0
4.17297,0,0,0
4.17514,0,0,0
4.17732,0,0,0
4.17949,0,0,0
4.18167,0,0,0
4.18385,0,0,0
4.18602,0,0,0
4.1882,0,0,0
4.19062,0,0,0
4.19279,0,0,0
4.19497,0,0,0
4.19715,0,0,0
4.19932,0,0,0
4.2015,0,0,0
4.20367,0,0,0
4.20585,0,0,0
4.20803,0,0,0
4.2102,0,0,0
4.21238,0,0,0
4.21456,0,0,0
4.21697,0,0,0
4.21915,0,0,0
4.22133,0,0,0
4.2235,0,0,0
4.22568,0,0,0
4.22785,0,0,0
4.23003,0,0,0
4.23221,0,0,0
4.23438,0,0,0
4.23656,0,0,0
4.23874,0,0,0
4.24091,0,0,0
4.24309,0,0,0
4.24551,0,0,0
4.24768,0,0,0
4.24986,0,0,0
4.25203,0,0,0
4.25421,0,0,0
4.25639,0,0,0
4.25856,0,0,0
4.26074,0,0,0
4.26292,0,0,0
4.26509,0,0,0
4.26727,0,0,0
4.26944,0,0,0
4.27186,0,0,0
4.27404,0,0,0
4.27621,0,0,0
4.27839,0,0,0
4.28057,0,0,0
4.28274,0,0,0
4.28492,0,0,0
4.28709,0,0,0
4.28927,0,0,0
4.29145,0,0,0
4.29362,0,0,0
4.2958,0,0,0
4.29798,0,0,0
4.30039,0,0,0
4.30257,0,0,0
4.30475,0,0,0
4.30692,0,0,0
4.3091,0,0,0
4.31127,0,0,0
4.31345,0,0,0
4.31563,0,0,0
4.3178,0,0,0
4.31998,0,0,0
4.32216,0,0,0
4.32433,0,0,0
4.32675,0,0,0
4.32893,0,0,0
4.3311,0,0,0
4.33328,0,0,0
4.33545,0,0,0
4.33763,0,0,0
4.33981,0,0,0
4.34198,0,0,0
4.34416,0,0,0
4.34634,0,0,0
4.34851,0,0,0
4.35069,0,0,0
4.35311,0,0,0
4.35528,0,0,0
4.35746,0,0,0
4.35963,0,0,0
4.36181,0,0,0
4.36399,0,0,0
4.36616,0,0,0
4.36834,0,0,0
4.37052,0,0,0
4.37269,0,0,0
4.37487,0,0,0
4.37704,0,0,0
4.37922,0,0,0
4.38164,0,0,0
4.38381,0,0,0
4.38599,0,0,0
4.38817,0,0,0
4.39034,0,0,0
