T_K,B_empirical_digitized_reference_A2,Bi_noSOC_B_elastic_derived_debye_A2,Bi_SOC_B_elastic_derived_debye_A2,Bi_noSOC_B_quasi_harmonic_debye_A2,Bi_SOC_B_quasi_harmonic_debye_A2
0.0,,0.11942357,0.13553465,0.09922253,0.11657609
10.0,0.13662359,0.12535439,0.14420253,0.10262532,0.12209545
20.0,0.15534204,0.14283966,0.1694097,0.11278484,0.13843651
30.0,0.17940232,0.16938695,0.20638645,0.12890104,0.16350639
40.0,0.20749951,0.20141498,0.24978996,0.14924295,0.19408107
50.0,0.24487018,0.23657226,0.29664989,0.1723107,0.2279569
60.0,0.2879896,0.27358817,0.34549626,0.19715521,0.26391857
70.0,0.33061084,0.31177218,0.39556721,0.2232122,0.30129808
80.0,0.37422074,0.35072973,0.44643935,0.25014189,0.33971208
90.0,0.41895841,0.39022277,0.4978617,0.2777322,0.37892913
100.0,0.46388001,0.4301005,0.54967711,0.30584582,0.41880313
110.0,0.50832539,0.47026324,0.60178257,0.33439092,0.45923805
120.0,0.55295422,0.5106427,0.65410791,0.36330437,0.50016884
130.0,0.59771071,0.55119062,0.70660378,0.39254093,0.54155052
140.0,0.64240255,0.59187197,0.75923449,0.42206842,0.58335093
150.0,0.68683741,0.63266078,0.81197362,0.4518625,0.6255472
160.0,0.73082296,0.67353734,0.8648012,0.48190551,0.66812241
170.0,0.77415939,0.71448648,0.91770186,0.5121837,0.71106467
180.0,0.81674422,0.75549632,0.97066359,0.54268647,0.75436526
190.0,0.85879061,0.79655743,1.02367687,0.57340581,0.79801731
200.0,0.90054918,0.83766222,1.07673405,0.60433564,0.84201677
210.0,0.9422705,0.87880453,1.12982891,0.63547117,0.88636308
220.0,0.98420519,0.91997932,1.18295638,0.66680818,0.93105988
230.0,1.02660383,0.96118238,1.23611223,0.6983437,0.97610974
240.0,1.0696843,1.00241022,1.28929295,0.73007593,1.02151467
250.0,1.11330602,1.04365989,1.34249556,0.76200292,1.06727694
260.0,1.15731152,1.0849289,1.39571755,0.79412345,1.11339922
270.0,1.2015814,1.12621511,1.4489568,0.82643742,1.15988522
280.0,1.24599622,1.16751668,1.50221146,0.85894279,1.20673806
290.0,1.29044328,1.20883206,1.55547993,0.89164314,1.25396243
300.0,1.33519876,1.25015985,1.60876086,0.92454145,1.30156215
310.0,1.38032892,1.29149887,1.66205303,0.95763902,1.34954198
320.0,1.42565051,1.33284806,1.71535541,0.99093618,1.39790692
330.0,1.47098028,1.37420652,1.76866705,1.02443435,1.44666219
340.0,1.51613497,1.41557342,1.82198716,1.05813518,1.49581385
350.0,1.56093134,1.45694805,1.875315,1.09203992,1.54536584
360.0,1.60518615,1.49832976,1.92864994,1.12614959,1.59532605
370.0,1.64870044,1.53971799,1.9819914,1.16046726,1.64570124
380.0,1.69121244,1.58111221,2.03533887,1.19499382,1.69649763
390.0,1.73307895,1.62251198,2.08869188,1.22973095,1.74772214
400.0,1.77481411,1.66391687,2.14205003,1.26468178,1.79507373
410.0,1.8169321,1.70532651,2.19541293,1.29984677,1.84752827
420.0,1.85985199,1.74674057,2.24878025,1.3352293,1.90043633
430.0,1.90338897,1.78815873,2.30215169,1.37083174,1.95380458
440.0,1.94737912,1.82958072,2.35552695,1.40665528,2.00763839
450.0,1.99169229,1.87100628,2.40890579,1.44270288,2.06194266
460.0,2.03619831,1.91243518,2.46228797,1.47897761,2.11672446
470.0,2.08076703,1.95386722,2.51567329,1.51548059,2.17199001
480.0,2.12526829,1.99530218,2.56906154,1.55221578,2.22774646
490.0,2.16957193,2.0367399,2.62245254,1.58918563,2.28399913
500.0,2.2135478,2.07818021,2.67584614,1.62639179,2.34075573
510.0,2.25706574,2.11962295,2.72924217,1.66035469,2.39801954
520.0,2.29999559,2.16106799,2.78264051,1.69827612,2.45579576
530.0,2.34222332,2.2025152,2.83604101,1.73644472,2.51409097
540.0,2.38379959,2.24396445,2.88944356,1.77486169,2.57291382
550.0,2.42485594,2.28541564,2.94284804,1.81352905,2.63227073
