T_K,B_exp_A2,residual_Bi_noSOC_elastic_derived_debye,residual_Bi_SOC_elastic_derived_debye,residual_Bi_noSOC_quasi_harmonic_debye,residual_Bi_SOC_quasi_harmonic_debye
40.0,0.06703911,0.13437588,0.18275086,0.08288617,0.12879068
77.0,0.24022346,0.09875407,0.19088735,0.00141682,0.08814922
94.97206704,0.33519553,0.07481376,0.18838739,-0.04512122,0.06174339
130.0,0.30726257,0.24392805,0.39934121,0.07985233,0.22604448
180.0,0.57541899,0.18007733,0.3952446,-0.04706539,0.15531855
230.0,0.77653631,0.18464607,0.45957592,-0.10558,0.15301078
293.0,0.98324022,0.23798892,0.58822274,-0.13172818,0.19768877
300.2793296,1.15083799,0.10047643,0.45941133,-0.27842563,0.05917508
411.0,1.16759777,0.54186996,1.03315171,0.02326018,0.48533999
473.0,1.49162011,0.47467729,1.04006935,-0.12216496,0.40961974
516.0,1.3575419,0.78694781,1.40373901,0.13584743,0.71597596
