T_K,B_basal_SOC_A2,B_c_axis_SOC_A2,B_iso_SOC_A2,B_iso_noSOC_A2
0.0,0.140730,0.137942,0.139801,0.125785
10.0,0.153589,0.157268,0.154815,0.133412
20.0,0.192240,0.201135,0.195205,0.159319
30.0,0.243789,0.257331,0.248303,0.196130
40.0,0.301079,0.319211,0.307123,0.238164
50.0,0.361419,0.384119,0.368986,0.283056
60.0,0.423552,0.450811,0.432638,0.329656
70.0,0.486815,0.518628,0.497419,0.377347
80.0,0.550830,0.587195,0.562951,0.425768
90.0,0.615367,0.656283,0.629006,0.474702
100.0,0.680283,0.725747,0.695438,0.524007
110.0,0.745479,0.795491,0.762150,0.573587
120.0,0.810888,0.865448,0.829075,0.623379
130.0,0.876464,0.935572,0.896167,0.673336
140.0,0.942172,1.005828,0.963391,0.723424
150.0,1.007987,1.076190,1.030721,0.773616
160.0,1.073889,1.146639,1.098139,0.823896
170.0,1.139862,1.217159,1.165628,0.874247
180.0,1.205896,1.287740,1.233177,0.924658
190.0,1.271981,1.358373,1.300778,0.975120
200.0,1.338110,1.429048,1.368422,1.025626
210.0,1.404275,1.499761,1.436104,1.076169
220.0,1.470473,1.570506,1.503817,1.126743
230.0,1.536700,1.641280,1.571560,1.177346
240.0,1.602951,1.712077,1.639326,1.227974
250.0,1.669223,1.782897,1.707115,1.278623
260.0,1.735515,1.853736,1.774922,1.329291
270.0,1.801824,1.924593,1.842747,1.379976
280.0,1.868149,1.995463,1.910587,1.430677
290.0,1.934487,2.066349,1.978441,1.481392
300.0,2.000838,2.137247,2.046308,1.532119
310.0,2.067200,2.208156,2.114185,1.582856
320.0,2.133572,2.279075,2.182073,1.633605
330.0,2.199953,2.350003,2.249970,1.684362
340.0,2.266343,2.420940,2.317875,1.735128
350.0,2.332740,2.491884,2.385788,1.785902
360.0,2.399144,2.562835,2.453708,1.836682
370.0,2.465556,2.633793,2.521635,1.887469
380.0,2.531973,2.704757,2.589568,1.938262
390.0,2.598395,2.775727,2.657506,1.989061
400.0,2.664822,2.846701,2.725449,2.039865
410.0,2.731255,2.917681,2.793397,2.090673
420.0,2.797692,2.988664,2.861349,2.141486
430.0,2.864132,3.059652,2.929306,2.192303
440.0,2.930578,3.130644,2.997266,2.243124
450.0,2.997025,3.201639,3.065230,2.293948
460.0,3.063477,3.272638,3.133197,2.344776
470.0,3.129932,3.343640,3.201168,2.395606
480.0,3.196390,3.414644,3.269141,2.446440
490.0,3.262850,3.485651,3.337117,2.497277
500.0,3.329313,3.556661,3.405096,2.548116
510.0,3.395779,3.627673,3.473077,2.598958
520.0,3.462246,3.698688,3.541060,2.649801
530.0,3.528716,3.769705,3.609046,2.700647
540.0,3.595188,3.840724,3.677034,2.751495
550.0,3.661662,3.911745,3.745023,2.802345
560.0,3.728138,3.982768,3.813014,2.853197
570.0,3.794615,4.053792,3.881007,2.904051
580.0,3.861094,4.124818,3.949002,2.954906
590.0,3.927575,4.195846,4.016999,3.005763
600.0,3.994057,4.266875,4.084996,3.056621
610.0,4.060541,4.337905,4.152996,3.107480
620.0,4.127026,4.408937,4.220996,3.158341
630.0,4.193511,4.479971,4.288998,3.209203
640.0,4.259999,4.551005,4.357001,3.260067
650.0,4.326487,4.622040,4.425005,3.310931
660.0,4.392977,4.693077,4.493010,3.361797
670.0,4.459468,4.764114,4.561017,3.412664
680.0,4.525960,4.835153,4.629024,3.463532
690.0,4.592452,4.906193,4.697033,3.514401
700.0,4.658946,4.977234,4.765042,3.565270
710.0,4.725440,5.048275,4.833052,3.616141
720.0,4.791936,5.119317,4.901063,3.667012
730.0,4.858432,5.190360,4.969075,3.717885
740.0,4.924929,5.261404,5.037087,3.768758
750.0,4.991427,5.332449,5.105101,3.819631
760.0,5.057925,5.403494,5.173115,3.870506
770.0,5.124424,5.474540,5.241129,3.921381
780.0,5.190924,5.545587,5.309145,3.972257
790.0,5.257425,5.616635,5.377161,4.023134
800.0,5.323925,5.687682,5.445178,4.074011
810.0,5.390427,5.758731,5.513195,4.124888
820.0,5.456930,5.829780,5.581213,4.175767
830.0,5.523432,5.900830,5.649232,4.226645
840.0,5.589935,5.971880,5.717250,4.277525
850.0,5.656439,6.042931,5.785270,4.328405
860.0,5.722944,6.113982,5.853290,4.379285
870.0,5.789448,6.185034,5.921310,4.430166
880.0,5.855954,6.256086,5.989331,4.481047
890.0,5.922460,6.327139,6.057353,4.531929
900.0,5.988966,6.398192,6.125375,4.582812
910.0,6.055472,6.469246,6.193397,4.633694
920.0,6.121979,6.540300,6.261419,4.684577
930.0,6.188487,6.611354,6.329443,4.735460
940.0,6.254994,6.682409,6.397466,4.786344
950.0,6.321502,6.753464,6.465489,4.837229
960.0,6.388011,6.824520,6.533514,4.888113
970.0,6.454520,6.895575,6.601538,4.938998
980.0,6.521029,6.966632,6.669563,4.989883
990.0,6.587539,7.037688,6.737588,5.040769
1000.0,6.654048,7.108744,6.805613,5.091654
1010.0,6.720558,7.179802,6.873639,5.142541
1020.0,6.787069,7.250859,6.941665,5.193427
1030.0,6.853580,7.321917,7.009692,5.244314
1040.0,6.920090,7.392975,7.077719,5.295201
1050.0,6.986601,7.464033,7.145745,5.346088
1060.0,7.053113,7.535091,7.213772,5.396976
1070.0,7.119625,7.606150,7.281800,5.447863
1080.0,7.186136,7.677209,7.349827,5.498752
1090.0,7.252649,7.748268,7.417855,5.549640
1100.0,7.319161,7.819328,7.485883,5.600529
1110.0,7.385674,7.890387,7.553912,5.651418
1120.0,7.452187,7.961447,7.621940,5.702306
1130.0,7.518700,8.032507,7.689969,5.753195
1140.0,7.585213,8.103567,7.757998,5.804085
1150.0,7.651727,8.174628,7.826028,5.854975
1160.0,7.718241,8.245689,7.894057,5.905864
1170.0,7.784755,8.316750,7.962086,5.956754
1180.0,7.851269,8.387811,8.030116,6.007645
1190.0,7.917784,8.458872,8.098146,6.058535
1200.0,7.984298,8.529934,8.166176,6.109426
1210.0,8.050812,8.600995,8.234207,6.160316
1220.0,8.117327,8.672057,8.302237,6.211208
1230.0,8.183843,8.743119,8.370268,6.262098
1240.0,8.250358,8.814181,8.438299,6.312990
1250.0,8.316873,8.885243,8.506330,6.363881
1260.0,8.383389,8.956306,8.574361,6.414773
1270.0,8.449904,9.027369,8.642393,6.465665
1280.0,8.516420,9.098431,8.710424,6.516556
1290.0,8.582936,9.169494,8.778455,6.567448
1300.0,8.649452,9.240558,8.846487,6.618340
1310.0,8.715968,9.311620,8.914519,6.669233
1320.0,8.782485,9.382684,8.982551,6.720125
1330.0,8.849001,9.453747,9.050583,6.771018
1340.0,8.915518,9.524811,9.118615,6.821910
1350.0,8.982035,9.595875,9.186648,6.872803
1360.0,9.048551,9.666939,9.254680,6.923697
1370.0,9.115068,9.738003,9.322713,6.974590
1380.0,9.181586,9.809067,9.390746,7.025483
1390.0,9.248103,9.880131,9.458779,7.076376
1400.0,9.314620,9.951195,9.526812,7.127269
1410.0,9.381138,10.022260,9.594845,7.178163
1420.0,9.447655,10.093325,9.662878,7.229056
1430.0,9.514173,10.164389,9.730912,7.279950
1440.0,9.580691,10.235454,9.798945,7.330844
1450.0,9.647209,10.306518,9.866979,7.381738
1460.0,9.713727,10.377583,9.935013,7.432632
1470.0,9.780245,10.448649,10.003046,7.483526
1480.0,9.846763,10.519714,10.071080,7.534421
1490.0,9.913281,10.590779,10.139114,7.585315
1500.0,9.979800,10.661845,10.207148,7.636210
1510.0,10.046318,10.732910,10.275182,7.687104
1520.0,10.112837,10.803976,10.343216,7.737999
1530.0,10.179355,10.875041,10.411250,7.788893
1540.0,10.245874,10.946107,10.479285,7.839788
1550.0,10.312393,11.017173,10.547319,7.890683
1560.0,10.378912,11.088238,10.615354,7.941578
1570.0,10.445431,11.159304,10.683389,7.992473
1580.0,10.511950,11.230370,10.751423,8.043368
1590.0,10.578469,11.301436,10.819458,8.094264
1600.0,10.644988,11.372503,10.887493,8.145159
1610.0,10.711508,11.443569,10.955528,8.196054
1620.0,10.778027,11.514635,11.023563,8.246949
1630.0,10.844546,11.585701,11.091598,8.297845
1640.0,10.911066,11.656768,11.159633,8.348740
1650.0,10.977585,11.727835,11.227668,8.399636
1660.0,11.044105,11.798901,11.295704,8.450532
1670.0,11.110625,11.869968,11.363739,8.501428
1680.0,11.177145,11.941035,11.431775,8.552323
1690.0,11.243664,12.012101,11.499810,8.603219
1700.0,11.310184,12.083168,11.567846,8.654115
1710.0,11.376704,12.154235,11.635881,8.705011
1720.0,11.443224,12.225302,11.703917,8.755907
1730.0,11.509744,12.296369,11.771952,8.806803
1740.0,11.576264,12.367436,11.839988,8.857699
1750.0,11.642785,12.438503,11.908024,8.908596
1760.0,11.709305,12.509570,11.976060,8.959492
1770.0,11.775825,12.580638,12.044096,9.010389
1780.0,11.842346,12.651705,12.112132,9.061285
1790.0,11.908866,12.722773,12.180168,9.112182
1800.0,11.975386,12.793840,12.248204,9.163078
1810.0,12.041907,12.864908,12.316240,9.213975
1820.0,12.108428,12.935975,12.384277,9.264871
1830.0,12.174948,13.007043,12.452313,9.315768
1840.0,12.241469,13.078110,12.520349,9.366665
1850.0,12.307990,13.149178,12.588386,9.417561
1860.0,12.374510,13.220246,12.656422,9.468458
1870.0,12.441031,13.291313,12.724459,9.519355
1880.0,12.507552,13.362382,12.792495,9.570252
1890.0,12.574073,13.433449,12.860532,9.621149
1900.0,12.640594,13.504517,12.928568,9.672046
1910.0,12.707115,13.575585,12.996605,9.722943
1920.0,12.773636,13.646653,13.064642,9.773841
1930.0,12.840157,13.717721,13.132679,9.824737
1940.0,12.906678,13.788789,13.200715,9.875635
1950.0,12.973199,13.859857,13.268752,9.926532
1960.0,13.039721,13.930925,13.336789,9.977429
1970.0,13.106242,14.001994,13.404826,10.028326
1980.0,13.172763,14.073062,13.472863,10.079224
1990.0,13.239285,14.144130,13.540900,10.130121
2000.0,13.305806,14.215198,13.608937,10.181019
