material,soc_status,T_K,B_exp_A2,B_empirical_digitized_reference_A2,residual_empirical_digitized_reference,B_elastic_derived_debye_A2,residual_elastic_derived_debye,B_quasi_harmonic_debye_A2,residual_quasi_harmonic_debye,B_harmonic_phonon_spectrum_isotropic_A2,residual_harmonic_phonon_spectrum_isotropic,B_harmonic_phonon_spectrum_basal_plane_average_A2,B_harmonic_phonon_spectrum_c_axis_A2
As,noSOC,5.81583199,0.43440233,0.24334914,-0.19105319,0.15444846,-0.27995387,0.11423028,-0.32017205,0.16054397,-0.27385836,0.15236025,0.17691142
As,noSOC,40.71082391,0.51020408,0.1914504,-0.31875368,0.18067783,-0.32952625,0.12493714,-0.38526694,0.19603657,-0.31416751,0.17891032,0.23028844
As,noSOC,81.42164782,0.45772595,0.27504429,-0.18268165,0.24926834,-0.20845761,0.15598672,-0.30173923,0.28429352,-0.17343243,0.25110965,0.35066116
As,noSOC,130.8562197,0.67930029,0.5623338,-0.11696649,0.35477566,-0.32452463,0.20961368,-0.46968662,0.41239868,-0.26690161,0.35914677,0.5189025
As,noSOC,180.2907916,0.76093294,0.63273816,-0.12819479,0.46867179,-0.29226116,0.27160715,-0.48932579,0.54839034,-0.2125426,0.47502825,0.69511452
As,noSOC,232.6332795,1.06997085,0.72330137,-0.34666948,0.59291911,-0.47705174,0.34219202,-0.72777883,0.69589828,-0.37407256,0.60123905,0.88521675
As,noSOC,290.7915994,1.02915452,0.86164907,-0.16750545,0.73305954,-0.29609498,0.42419612,-0.6049584,0.8618345,-0.16732002,0.74351062,1.09848227
As,noSOC,478.3521809,1.44314869,1.40287555,-0.04027313,1.19084007,-0.25230862,0.71326327,-0.72988542,1.40272778,-0.04042091,1.20808489,1.79201356
As,noSOC,664.4588045,2.13119534,1.86226356,-0.26893177,1.64821076,-0.48298458,1.03318946,-1.09800587,1.94254397,-0.18865137,1.67217372,2.48328446
As,noSOC,820.0323102,2.51603499,2.38827327,-0.12776172,2.0314045,-0.48463048,1.32994492,-1.18609006,2.39465394,-0.12138104,2.06098053,3.06200077
Sb,noSOC,4,0.25,0.23163353,-0.01836647,0.11442197,-0.13557803,0.09479291,-0.15520709,0.14374747,-0.10625253,0.14138521,0.14847277
Sb,noSOC,40,0.2983871,0.14523419,-0.15315291,0.14166466,-0.15672243,0.11050146,-0.18788564,0.19811507,-0.10027203,0.19155007,0.21124506
Sb,noSOC,84,0.37903226,0.22342959,-0.15560267,0.21503824,-0.16399402,0.15696483,-0.22206743,0.33021008,-0.04882217,0.31659421,0.35744182
Sb,noSOC,130,0.60483871,0.32278936,-0.28204935,0.30683147,-0.29800724,0.21947085,-0.38536786,0.48480102,-0.12003769,0.46373639,0.52693028
Sb,noSOC,172,0.66935484,0.39835979,-0.27099505,0.3949552,-0.27439964,0.28189903,-0.38745581,0.63036844,-0.0389864,0.60249926,0.6861068
Sb,noSOC,182,0.79032258,0.41953319,-0.37078939,0.41623979,-0.37408279,0.29725355,-0.49306903,0.66533429,-0.12498829,0.63584487,0.72431313
Sb,noSOC,480,1.75806452,1.10771383,-0.65035069,1.06571985,-0.69234466,0.80946032,-0.9486042,1.72261417,-0.03545035,1.64484063,1.87816124
Sb,noSOC,678,2.54032258,1.56262716,-0.97769542,1.50149241,-1.03883018,1.20493732,-1.33538526,2.42935397,-0.11096862,2.31949852,2.64906486
Sb,noSOC,776,2.93548387,1.79069421,-1.14478966,1.71747688,-1.21800699,1.4179983,-1.51748558,2.7794539,-0.15602998,2.65371981,3.03092206
Sb,noSOC,842,3.2016129,1.90647567,-1.29513724,1.86299958,-1.33861332,1.57209366,-1.62951925,3.01529919,-0.18631371,2.87887116,3.28815525
Sb,noSOC,294,1.09677419,0.68610884,-0.41066536,0.65828708,-0.43848711,0.47778581,-0.61898838,1.06063965,-0.03613454,1.01300319,1.15591257
Sb,noSOC,226,0.90322581,0.52323172,-0.37999408,0.5107131,-0.3925127,0.36655627,-0.53666953,0.82001239,-0.08321341,0.78339373,0.89324971
Bi_noSOC,noSOC,41.89944134,0.06703911,0.21382867,0.14678957,0.20790222,0.14086312,0.15341899,0.08637989,0.24648287,0.17944376,0.24528384,0.24888092
Bi_noSOC,noSOC,82.40223464,0.24022346,0.38490047,0.14467701,0.36017481,0.11995134,0.25671201,0.01648855,0.43747966,0.1972562,0.43507992,0.44227915
Bi_noSOC,noSOC,131.2849162,0.30726257,0.60346091,0.29619834,0.55641098,0.24914841,0.39631879,0.08905622,0.67976444,0.37250187,0.67593487,0.68742358
Bi_noSOC,noSOC,181.5642458,0.57541899,0.82335046,0.24793146,0.76191612,0.18649712,0.54747747,-0.02794153,0.93254871,0.35712971,0.9272511,0.94314391
Bi_noSOC,noSOC,230.4469274,0.77653631,1.02851356,0.25197724,0.96302446,0.18648815,0.69975769,-0.07677862,1.17960806,0.40307174,1.17288368,1.19305682
Bi_noSOC,noSOC,291.8994413,0.98324022,1.29890699,0.31566677,1.21668111,0.23344089,0.8978767,-0.08536352,1.49102593,0.5077857,1.48250844,1.5080609
Bi_noSOC,noSOC,410.6145251,1.16759777,1.81954436,0.6519466,1.70787138,0.54027362,1.30201482,0.13441706,2.09379575,0.92619799,2.08181376,2.11775974
Bi_noSOC,noSOC,474.8603352,1.49162011,2.10241261,0.6107925,1.97400564,0.48238553,1.53330597,0.04168586,2.42031294,0.92869283,2.40645628,2.44802627
Bi_noSOC,noSOC,515.3631285,1.3575419,2.28017098,0.92262908,2.14185018,0.78430828,1.68043521,0.32289331,2.62622555,1.26868365,2.61118712,2.65630239
Bi_noSOC,noSOC,300.2793296,1.15083799,1.33645515,0.18561716,1.25131442,0.10047643,0.92546325,-0.22537474,1.53353581,0.38269782,1.52477371,1.55106001
Bi_noSOC,noSOC,94.97206704,0.33519553,0.44132962,0.10613409,0.41000929,0.07481376,0.29165067,-0.04354486,0.49917612,0.16398059,0.49640815,0.50471206
Bi_SOC,SOC,41.89944134,0.06703911,NA,NA,0.25848401,0.1914449,0.20026975,0.13323064,NA,NA,NA,NA
Bi_SOC,SOC,82.40223464,0.24022346,NA,NA,0.45874909,0.21852563,0.3490624,0.10883893,NA,NA,NA,NA
Bi_SOC,SOC,131.2849162,0.30726257,NA,NA,0.71335947,0.4060969,0.54689815,0.23963558,NA,NA,NA,NA
Bi_SOC,SOC,181.5642458,0.57541899,NA,NA,0.97895298,0.40353399,0.76117031,0.18575131,NA,NA,NA,NA
Bi_SOC,SOC,230.4469274,0.77653631,NA,NA,1.23848852,0.46195221,0.9781314,0.20159509,NA,NA,NA,NA
Bi_SOC,SOC,291.8994413,0.98324022,NA,NA,1.56559941,0.58235919,1.2629747,0.27973448,NA,NA,NA,NA
Bi_SOC,SOC,410.6145251,1.16759777,NA,NA,2.19869236,1.0310946,1.85076646,0.6831687,NA,NA,NA,NA
Bi_SOC,SOC,474.8603352,1.49162011,NA,NA,2.54162141,1.0500013,2.19902787,0.70740776,NA,NA,NA,NA
Bi_SOC,SOC,515.3631285,1.3575419,NA,NA,2.75788011,1.40033821,2.42894154,1.07139964,NA,NA,NA,NA
Bi_SOC,SOC,300.2793296,1.15083799,NA,NA,1.61024932,0.45941133,1.30289719,0.1520592,NA,NA,NA,NA
Bi_SOC,SOC,94.97206704,0.33519553,NA,NA,0.52358292,0.18838739,0.3986785,0.06348297,NA,NA,NA,NA
