descriptor,value
mean_freq_THz,28.9392
log_avg_freq_THz,27.5968
dos_frac_below_1THz,6.67121e-06
dos_frac_below_2THz,5.25573e-05
leverage_total,0.00185053
leverage_below_2THz,3.75947e-05
leverage_fraction_below_2THz,0.0203157
min_freq_THz,0.0101009
first_peak_THz,35.9895
theta_D_empirical_lit_K,2230
ael_debye_temperature,2224.75
agl_debye,2098.68
ael_bulk_modulus_vrh,434.809
ael_shear_modulus_vrh,519.312
ael_poisson_ratio,0.0728737
agl_gruneisen,1.76345
agl_thermal_conductivity_300K,424.611
agl_thermal_expansion_300K,5.63831e-06
