material,family,soc_status,mesh,n_bins,coarsening_factor,delta_f_THz,rule,inv_sq_moment_THz_minus2,theta_dwf_K,B_iso_dos_route_A2,temperature_K,B_iso_aflow_msd_A2,theta_dwf_published_K,B_iso_published_A2
As,A7,noSOC,125 bins,125,16,0.069105,trapezoid,0.128215,232.147,0.853799,295,0.873898,232.1,0.873898
As,A7,noSOC,250 bins,250,8,0.0345525,trapezoid,0.128237,232.127,0.853944,295,0.873898,232.1,0.873898
As,A7,noSOC,500 bins,500,4,0.0172762,trapezoid,0.128265,232.102,0.854129,295,0.873898,232.1,0.873898
As,A7,noSOC,1000 bins,1000,2,0.00863812,trapezoid,0.128284,232.085,0.854251,295,0.873898,232.1,0.873898
As,A7,noSOC,2000 bins,2000,1,0.00431906,trapezoid,0.128257,232.11,0.85407,295,0.873898,232.1,0.873898
As,A7,noSOC,exact limit,2000,0,0,exact piecewise-linear,0.128282,232.087,0.854235,295,0.873898,232.1,0.873898
Sb,A7,noSOC,125 bins,125,16,0.0469525,trapezoid,0.258835,163.389,1.05166,295,1.06419,163.4,1.06419
Sb,A7,noSOC,250 bins,250,8,0.0234762,trapezoid,0.258909,163.365,1.05195,295,1.06419,163.4,1.06419
Sb,A7,noSOC,500 bins,500,4,0.0117381,trapezoid,0.258969,163.346,1.0522,295,1.06419,163.4,1.06419
Sb,A7,noSOC,1000 bins,1000,2,0.00586906,trapezoid,0.259005,163.335,1.05234,295,1.06419,163.4,1.06419
Sb,A7,noSOC,2000 bins,2000,1,0.00293453,trapezoid,0.258956,163.35,1.05214,295,1.06419,163.4,1.06419
Sb,A7,noSOC,exact limit,2000,0,0,exact piecewise-linear,0.259001,163.336,1.05233,295,1.06419,163.4,1.06419
Bi,A7,noSOC,125 bins,125,16,0.0351313,trapezoid,0.623811,105.246,1.46948,295,1.50676,105.1,1.50676
Bi,A7,noSOC,250 bins,250,8,0.0175656,trapezoid,0.624643,105.176,1.47143,295,1.50676,105.1,1.50676
Bi,A7,noSOC,500 bins,500,4,0.00878282,trapezoid,0.625091,105.138,1.47248,295,1.50676,105.1,1.50676
Bi,A7,noSOC,1000 bins,1000,2,0.00439141,trapezoid,0.62532,105.119,1.47302,295,1.50676,105.1,1.50676
Bi,A7,noSOC,2000 bins,2000,1,0.00219571,trapezoid,0.625055,105.142,1.4724,295,1.50676,105.1,1.50676
Bi,A7,noSOC,exact limit,2000,0,0,exact piecewise-linear,0.625307,105.12,1.47299,295,1.50676,105.1,1.50676
Bi_SOC,A7,SOC,125 bins,125,16,0.0327032,trapezoid,0.821326,91.7224,1.93312,295,2.01237,91.1,
Bi_SOC,A7,SOC,250 bins,250,8,0.0163516,trapezoid,0.828659,91.3157,1.95033,295,2.01237,91.1,
Bi_SOC,A7,SOC,500 bins,500,4,0.00817581,trapezoid,0.831889,91.1383,1.95791,295,2.01237,91.1,
Bi_SOC,A7,SOC,1000 bins,1000,2,0.00408791,trapezoid,0.83333,91.0594,1.9613,295,2.01237,91.1,
Bi_SOC,A7,SOC,2000 bins,2000,1,0.00204395,trapezoid,0.832061,91.1289,1.95832,295,2.01237,91.1,
Bi_SOC,A7,SOC,exact limit,2000,0,0,exact piecewise-linear,0.833342,91.0587,1.96133,295,2.01237,91.1,
C,cF8,noSOC,125 bins,125,16,0.323229,trapezoid,0.00185128,1931.96,0.1439,295,0.143018,1931.4,0.143018
C,cF8,noSOC,250 bins,250,8,0.161615,trapezoid,0.00185198,1931.59,0.143928,295,0.143018,1931.4,0.143018
C,cF8,noSOC,500 bins,500,4,0.0808073,trapezoid,0.00185239,1931.38,0.143944,295,0.143018,1931.4,0.143018
C,cF8,noSOC,1000 bins,1000,2,0.0404036,trapezoid,0.0018526,1931.27,0.143953,295,0.143018,1931.4,0.143018
C,cF8,noSOC,2000 bins,2000,1,0.0202018,trapezoid,0.00185235,1931.4,0.143943,295,0.143018,1931.4,0.143018
C,cF8,noSOC,exact limit,2000,0,0,exact piecewise-linear,0.00185259,1931.28,0.143952,295,0.143018,1931.4,0.143018
Si,cF8,noSOC,125 bins,125,16,0.128585,trapezoid,0.0275197,501.085,0.51747,295,0.511583,500.8,0.511583
Si,cF8,noSOC,250 bins,250,8,0.0642923,trapezoid,0.0275409,500.892,0.51784,295,0.511583,500.8,0.511583
Si,cF8,noSOC,500 bins,500,4,0.0321461,trapezoid,0.0275522,500.789,0.518038,295,0.511583,500.8,0.511583
Si,cF8,noSOC,1000 bins,1000,2,0.0160731,trapezoid,0.0275583,500.734,0.518144,295,0.511583,500.8,0.511583
Si,cF8,noSOC,2000 bins,2000,1,0.00803653,trapezoid,0.0275511,500.8,0.518017,295,0.511583,500.8,0.511583
Si,cF8,noSOC,exact limit,2000,0,0,exact piecewise-linear,0.0275579,500.738,0.518137,295,0.511583,500.8,0.511583
Ge,cF8,noSOC,125 bins,125,16,0.0747415,trapezoid,0.102124,260.117,0.704443,295,0.69477,259.8,0.69477
Ge,cF8,noSOC,250 bins,250,8,0.0373708,trapezoid,0.10232,259.868,0.705764,295,0.69477,259.8,0.69477
Ge,cF8,noSOC,500 bins,500,4,0.0186854,trapezoid,0.102414,259.749,0.706399,295,0.69477,259.8,0.69477
Ge,cF8,noSOC,1000 bins,1000,2,0.00934269,trapezoid,0.102462,259.688,0.706724,295,0.69477,259.8,0.69477
Ge,cF8,noSOC,2000 bins,2000,1,0.00467135,trapezoid,0.102408,259.756,0.70636,295,0.69477,259.8,0.69477
Ge,cF8,noSOC,exact limit,2000,0,0,exact piecewise-linear,0.10246,259.691,0.706708,295,0.69477,259.8,0.69477
