material,family,soc_status,window_THz,dos_frac_below_W,invsq_frac_below_W,quantum_disp_frac_below_W,temperature_K,f_min_invsq_THz,f_max_THz,f_top_THz,mean_f_THz,f_median_THz,dos_gap_lo_THz,dos_gap_hi_THz,invsq_total_THz_minus2,dos_frac_below_W_grid_snapped,n_dos_points
As,A7,noSOC,1,0.00872181,0.164176,0.161555,295,0.1,8.6360,7.6339,4.30846,3.7638,3.7813,4.9216,0.127324,0.00871766,2000
As,A7,noSOC,2,0.101811,0.459623,0.453602,295,0.1,8.6360,7.6339,4.30846,3.7638,3.7813,4.9216,0.127324,0.101389,2000
As,A7,noSOC,3,0.356426,0.78829,0.781048,295,0.1,8.6360,7.6339,4.30846,3.7638,3.7813,4.9216,0.127324,0.356302,2000
As,A7,noSOC,4,0.500192,0.890657,0.884126,295,0.1,8.6360,7.6339,4.30846,3.7638,3.7813,4.9216,0.127324,0.500192,2000
Sb,A7,noSOC,1,0.0238281,0.210245,0.208662,295,0.1,5.8676,4.8669,2.88800,2.5339,2.5486,3.2705,0.256431,0.0237563,2000
Sb,A7,noSOC,2,0.36191,0.768311,0.76487,295,0.1,5.8676,4.8669,2.88800,2.5339,2.5486,3.2705,0.256431,0.361864,2000
Sb,A7,noSOC,3,0.50044,0.878953,0.875751,295,0.1,5.8676,4.8669,2.88800,2.5339,2.5486,3.2705,0.256431,0.50044,2000
Sb,A7,noSOC,4,0.719382,0.939126,0.937269,295,0.1,5.8676,4.8669,2.88800,2.5339,2.5486,3.2705,0.256431,0.718441,2000
Bi,A7,noSOC,1,0.192809,0.595808,0.594349,295,0.1,4.3903,3.3913,2.02294,1.7581,1.7796,2.2912,0.605209,0.191428,2000
Bi,A7,noSOC,2,0.501071,0.901515,0.900067,295,0.1,4.3903,3.3913,2.02294,1.7581,1.7796,2.2912,0.605209,0.501071,2000
Bi,A7,noSOC,3,0.858989,0.976085,0.975662,295,0.1,4.3903,3.3913,2.02294,1.7581,1.7796,2.2912,0.605209,0.857512,2000
Bi,A7,noSOC,4,1,1,1,295,0.1,4.3903,3.3913,2.02294,1.7581,1.7796,2.2912,0.605209,1,2000
Bi_SOC,A7,SOC,1,0.261409,0.710614,0.709322,295,0.1,4.0869,3.0874,1.87323,1.5854,1.6076,2.1022,0.762453,0.260614,2000
Bi_SOC,A7,SOC,2,0.501368,0.911517,0.910338,295,0.1,4.0869,3.0874,1.87323,1.5854,1.6076,2.1022,0.762453,0.501362,2000
Bi_SOC,A7,SOC,3,0.982283,0.997474,0.99743,295,0.1,4.0869,3.0874,1.87323,1.5854,1.6076,2.1022,0.762453,0.982102,2000
Bi_SOC,A7,SOC,4,1,1,1,295,0.1,4.0869,3.0874,1.87323,1.5854,1.6076,2.1022,0.762453,1,2000
C,cF8,noSOC,1,6.67142e-06,0.00973059,0.00511629,295,0.1,40.3935,39.3834,28.93922,31.0585,NA,NA,0.00185075,6.67121e-06,2000
C,cF8,noSOC,2,5.33633e-05,0.0205426,0.0108257,295,0.1,40.3935,39.3834,28.93922,31.0585,NA,NA,0.00185075,5.25573e-05,2000
C,cF8,noSOC,3,0.000189675,0.0319696,0.0169142,295,0.1,40.3935,39.3834,28.93922,31.0585,NA,NA,0.00185075,0.000189668,2000
C,cF8,noSOC,4,0.00055068,0.0477557,0.0254324,295,0.1,40.3935,39.3834,28.93922,31.0585,NA,NA,0.00185075,0.000545937,2000
Si,cF8,noSOC,1,0.000634918,0.0555429,0.0516268,295,0.1,16.0691,15.0725,9.71129,10.9971,NA,NA,0.0274171,0.000619549,2000
Si,cF8,noSOC,2,0.00584983,0.136084,0.12681,295,0.1,16.0691,15.0725,9.71129,10.9971,NA,NA,0.0274171,0.00582273,2000
Si,cF8,noSOC,3,0.0231002,0.233301,0.218374,295,0.1,16.0691,15.0725,9.71129,10.9971,NA,NA,0.0274171,0.0229133,2000
Si,cF8,noSOC,4,0.0982478,0.445985,0.421463,295,0.1,16.0691,15.0725,9.71129,10.9971,NA,NA,0.0274171,0.0980189,2000
Ge,cF8,noSOC,1,0.00486215,0.146107,0.143121,295,0.1,9.3404,8.3407,5.31037,5.9896,NA,NA,0.100595,0.00482521,2000
Ge,cF8,noSOC,2,0.0793936,0.415036,0.407959,295,0.1,9.3404,8.3407,5.31037,5.9896,NA,NA,0.100595,0.0788017,2000
Ge,cF8,noSOC,3,0.298174,0.795261,0.784825,295,0.1,9.3404,8.3407,5.31037,5.9896,NA,NA,0.100595,0.297681,2000
Ge,cF8,noSOC,4,0.362113,0.855051,0.844717,295,0.1,9.3404,8.3407,5.31037,5.9896,NA,NA,0.100595,0.362004,2000
