T_K,B_iso_harmonic_A2,B_emp_374K_A2,B_AEL_A2,B_AGL_A2
0.0,0.141298,0.105751,0.119237,0.122025
10.0,0.142264,0.106248,0.119950,0.122789
20.0,0.146305,0.107741,0.122089,0.125082
30.0,0.154394,0.110228,0.125654,0.128902
40.0,0.166007,0.113706,0.130630,0.134233
50.0,0.180138,0.118151,0.136955,0.140999
60.0,0.196049,0.123504,0.144502,0.149055
70.0,0.213261,0.129675,0.153106,0.158219
80.0,0.231456,0.136559,0.162598,0.168304
90.0,0.250417,0.144050,0.172822,0.179147
100.0,0.269984,0.152054,0.183646,0.190607
110.0,0.290039,0.160488,0.194964,0.202572
120.0,0.310491,0.169282,0.206687,0.214951
130.0,0.331271,0.178379,0.218746,0.227671
140.0,0.352321,0.187732,0.231084,0.240675
150.0,0.373601,0.197301,0.243657,0.253917
160.0,0.395072,0.207055,0.256428,0.267360
170.0,0.416707,0.216967,0.269367,0.280972
180.0,0.438484,0.227016,0.282451,0.294730
190.0,0.460381,0.237182,0.295658,0.308613
200.0,0.482384,0.247452,0.308974,0.322605
210.0,0.504478,0.257811,0.322383,0.336691
220.0,0.526653,0.268250,0.335874,0.350860
230.0,0.548899,0.278758,0.349438,0.365102
240.0,0.571208,0.289329,0.363066,0.379408
250.0,0.593573,0.299955,0.376751,0.393772
260.0,0.615988,0.310630,0.390486,0.408186
270.0,0.638448,0.321350,0.404268,0.422647
280.0,0.660948,0.332110,0.418090,0.437148
290.0,0.683485,0.342905,0.431949,0.451686
300.0,0.706055,0.353734,0.445841,0.466258
310.0,0.728654,0.364592,0.459764,0.480860
320.0,0.751281,0.375477,0.473714,0.495490
330.0,0.773933,0.386387,0.487689,0.510145
340.0,0.796608,0.397320,0.501688,0.524824
350.0,0.819303,0.408273,0.515707,0.539523
360.0,0.842019,0.419246,0.529746,0.554242
370.0,0.864751,0.430237,0.543803,0.568979
380.0,0.887500,0.441243,0.557877,0.583733
390.0,0.910265,0.452265,0.571966,0.598502
400.0,0.933043,0.463301,0.586069,0.613285
410.0,0.955835,0.474350,0.600185,0.628081
420.0,0.978638,0.485411,0.614314,0.642890
430.0,1.001454,0.496484,0.628454,0.657710
440.0,1.024279,0.507567,0.642604,0.672541
450.0,1.047115,0.518660,0.656765,0.687381
460.0,1.069961,0.529762,0.670935,0.702232
470.0,1.092814,0.540873,0.685114,0.717091
480.0,1.115676,0.551992,0.699301,0.731958
490.0,1.138546,0.563118,0.713495,0.746833
500.0,1.161423,0.574252,0.727697,0.761715
510.0,1.184306,0.585393,0.741906,0.776604
520.0,1.207196,0.596540,0.756121,0.791499
530.0,1.230092,0.607693,0.770343,0.806401
540.0,1.252994,0.618852,0.784570,0.821308
550.0,1.275901,0.630016,0.798802,0.836221
560.0,1.298814,0.641186,0.813040,0.851139
570.0,1.321732,0.652360,0.827283,0.866062
580.0,1.344654,0.663539,0.841530,0.880989
590.0,1.367580,0.674723,0.855782,0.895921
600.0,1.390510,0.685910,0.870038,0.910858
610.0,1.413446,0.697102,0.884298,0.925798
620.0,1.436384,0.708297,0.898561,0.940742
630.0,1.459326,0.719496,0.912829,0.955690
640.0,1.482272,0.730698,0.927100,0.970641
650.0,1.505220,0.741904,0.941374,0.985595
660.0,1.528172,0.753113,0.955651,1.000553
670.0,1.551127,0.764324,0.969931,1.015513
680.0,1.574085,0.775539,0.984214,1.030477
690.0,1.597046,0.786757,0.998500,1.045443
700.0,1.620009,0.797977,1.012789,1.060412
710.0,1.642974,0.809199,1.027080,1.075383
720.0,1.665943,0.820424,1.041374,1.090357
730.0,1.688913,0.831651,1.055669,1.105333
740.0,1.711885,0.842881,1.069967,1.120311
750.0,1.734860,0.854113,1.084268,1.135292
760.0,1.757837,0.865346,1.098570,1.150274
770.0,1.780816,0.876582,1.112874,1.165259
780.0,1.803797,0.887820,1.127180,1.180245
790.0,1.826779,0.899059,1.141488,1.195234
800.0,1.849764,0.910300,1.155798,1.210224
810.0,1.872750,0.921543,1.170110,1.225216
820.0,1.895738,0.932787,1.184423,1.240209
830.0,1.918727,0.944034,1.198737,1.255204
840.0,1.941718,0.955281,1.213054,1.270200
850.0,1.964710,0.966530,1.227371,1.285198
860.0,1.987704,0.977781,1.241690,1.300198
870.0,2.010698,0.989032,1.256011,1.315199
880.0,2.033695,1.000286,1.270333,1.330201
890.0,2.056692,1.011540,1.284656,1.345204
900.0,2.079691,1.022796,1.298980,1.360209
910.0,2.102692,1.034053,1.313305,1.375214
920.0,2.125692,1.045311,1.327632,1.390221
930.0,2.148695,1.056570,1.341960,1.405229
940.0,2.171698,1.067830,1.356289,1.420239
950.0,2.194702,1.079091,1.370618,1.435249
960.0,2.217708,1.090353,1.384949,1.450260
970.0,2.240714,1.101617,1.399281,1.465272
980.0,2.263722,1.112881,1.413614,1.480285
990.0,2.286730,1.124146,1.427948,1.495299
1000.0,2.309740,1.135412,1.442283,1.510314
1010.0,2.332750,1.146679,1.456618,1.525330
1020.0,2.355761,1.157947,1.470955,1.540347
1030.0,2.378773,1.169215,1.485292,1.555365
1040.0,2.401785,1.180485,1.499630,1.570383
1050.0,2.424798,1.191755,1.513969,1.585402
1060.0,2.447813,1.203026,1.528308,1.600422
1070.0,2.470828,1.214297,1.542649,1.615443
1080.0,2.493843,1.225570,1.556990,1.630464
1090.0,2.516860,1.236843,1.571331,1.645486
1100.0,2.539876,1.248116,1.585674,1.660509
1110.0,2.562894,1.259391,1.600017,1.675532
1120.0,2.585912,1.270666,1.614360,1.690556
1130.0,2.608931,1.281941,1.628705,1.705581
1140.0,2.631950,1.293218,1.643050,1.720606
1150.0,2.654970,1.304494,1.657395,1.735632
1160.0,2.677991,1.315772,1.671741,1.750658
1170.0,2.701012,1.327050,1.686088,1.765685
1180.0,2.724034,1.338328,1.700435,1.780712
1190.0,2.747056,1.349607,1.714783,1.795740
1200.0,2.770079,1.360887,1.729131,1.810769
1210.0,2.793102,1.372167,1.743480,1.825798
1220.0,2.816126,1.383448,1.757829,1.840828
1230.0,2.839150,1.394729,1.772179,1.855858
1240.0,2.862175,1.406010,1.786529,1.870888
1250.0,2.885200,1.417292,1.800879,1.885919
1260.0,2.908226,1.428574,1.815230,1.900950
1270.0,2.931252,1.439857,1.829582,1.915982
1280.0,2.954279,1.451141,1.843934,1.931014
1290.0,2.977305,1.462424,1.858286,1.946047
1300.0,3.000333,1.473708,1.872639,1.961080
1310.0,3.023361,1.484993,1.886992,1.976114
1320.0,3.046388,1.496278,1.901346,1.991148
1330.0,3.069417,1.507563,1.915700,2.006182
1340.0,3.092446,1.518849,1.930054,2.021217
1350.0,3.115475,1.530135,1.944409,2.036252
1360.0,3.138505,1.541421,1.958764,2.051287
1370.0,3.161535,1.552708,1.973119,2.066323
1380.0,3.184565,1.563995,1.987475,2.081359
1390.0,3.207595,1.575282,2.001831,2.096395
1400.0,3.230626,1.586570,2.016187,2.111432
1410.0,3.253658,1.597858,2.030544,2.126469
1420.0,3.276690,1.609146,2.044901,2.141506
1430.0,3.299721,1.620435,2.059258,2.156544
1440.0,3.322753,1.631724,2.073616,2.171582
1450.0,3.345786,1.643013,2.087974,2.186620
1460.0,3.368819,1.654302,2.102332,2.201658
1470.0,3.391851,1.665592,2.116691,2.216697
1480.0,3.414885,1.676882,2.131049,2.231736
1490.0,3.437919,1.688173,2.145408,2.246776
1500.0,3.460953,1.699463,2.159768,2.261815
1510.0,3.483987,1.710754,2.174127,2.276855
1520.0,3.507021,1.722045,2.188487,2.291895
1530.0,3.530056,1.733337,2.202847,2.306936
1540.0,3.553091,1.744628,2.217207,2.321976
1550.0,3.576126,1.755920,2.231568,2.337017
1560.0,3.599161,1.767212,2.245929,2.352058
1570.0,3.622196,1.778505,2.260290,2.367099
1580.0,3.645233,1.789797,2.274651,2.382141
1590.0,3.668268,1.801090,2.289012,2.397183
1600.0,3.691305,1.812383,2.303374,2.412225
1610.0,3.714341,1.823676,2.317736,2.427267
1620.0,3.737378,1.834969,2.332098,2.442309
1630.0,3.760415,1.846263,2.346460,2.457352
1640.0,3.783451,1.857557,2.360823,2.472395
1650.0,3.806488,1.868851,2.375186,2.487438
1660.0,3.829527,1.880145,2.389549,2.502481
1670.0,3.852564,1.891440,2.403912,2.517524
1680.0,3.875602,1.902734,2.418275,2.532568
1690.0,3.898640,1.914029,2.432638,2.547612
1700.0,3.921678,1.925324,2.447002,2.562656
1710.0,3.944717,1.936619,2.461366,2.577700
1720.0,3.967755,1.947914,2.475730,2.592744
1730.0,3.990793,1.959210,2.490094,2.607789
1740.0,4.013832,1.970506,2.504458,2.622833
1750.0,4.036872,1.981801,2.518823,2.637878
1760.0,4.059911,1.993097,2.533188,2.652923
1770.0,4.082950,2.004393,2.547552,2.667968
1780.0,4.105990,2.015690,2.561917,2.683014
1790.0,4.129030,2.026986,2.576283,2.698059
1800.0,4.152069,2.038283,2.590648,2.713105
1810.0,4.175110,2.049580,2.605013,2.728151
1820.0,4.198149,2.060877,2.619379,2.743197
1830.0,4.221190,2.072174,2.633745,2.758243
1840.0,4.244230,2.083471,2.648111,2.773289
1850.0,4.267271,2.094768,2.662477,2.788335
1860.0,4.290312,2.106066,2.676843,2.803382
1870.0,4.313353,2.117363,2.691209,2.818428
1880.0,4.336393,2.128661,2.705576,2.833475
1890.0,4.359434,2.139959,2.719942,2.848522
1900.0,4.382475,2.151257,2.734309,2.863569
1910.0,4.405517,2.162555,2.748676,2.878616
1920.0,4.428559,2.173853,2.763043,2.893663
1930.0,4.451601,2.185152,2.777410,2.908711
1940.0,4.474642,2.196450,2.791777,2.923758
1950.0,4.497684,2.207749,2.806144,2.938806
1960.0,4.520726,2.219048,2.820512,2.953854
1970.0,4.543768,2.230346,2.834879,2.968902
1980.0,4.566810,2.241645,2.849247,2.983950
1990.0,4.589852,2.252945,2.863615,2.998998
2000.0,4.612895,2.264244,2.877983,3.014046
