material,family,soc_status,treatment,treatment_label,temperature_K,B_exp_A2,B_model_A2,delta_B_A2,window_lo_deg,window_hi_deg,max_abs_dI_over_I_pct_window,median_abs_dI_over_I_pct_window,two_theta_at_max_deg,s_max_invA,hkl_at_max,n_allowed_in_window,window_b_lo_deg,window_b_hi_deg,max_abs_dI_over_I_pct_window_b,two_theta_at_max_window_b_deg,max_abs_dI_over_I_pct_all,delta_B_limit_A2,within_tolerance,tolerance,exp_source,notes
As,A7,noSOC,static,no DWF (static),290.792,1.02915,0,-1.02915,70,180,137.342,83.71,173.377,0.648015,-4 0 -5,38,70,160,128.896,155.473,137.342,0.0580941,0,0.05,Fischer 1978,
As,A7,noSOC,empirical,empirical Debye-function reference,290.792,1.02915,0.861649,-0.167505,70,180,15.1055,10.4053,173.377,0.648015,-4 0 -5,38,70,160,14.4287,155.473,15.1055,0.0580941,0,0.05,Fischer 1978,
As,A7,noSOC,elastic,elastic-property-derived Debye,290.792,1.02915,0.73306,-0.296095,70,180,28.2324,19.1222,173.377,0.648015,-4 0 -5,38,70,160,26.9026,155.473,28.2324,0.0580941,0,0.05,Fischer 1978,
As,A7,noSOC,quasi_harmonic,quasi-harmonic Debye,290.792,1.02915,0.424196,-0.604958,70,180,66.2084,42.9757,173.377,0.648015,-4 0 -5,38,70,160,62.7057,155.473,66.2084,0.0580941,0,0.05,Fischer 1978,
As,A7,noSOC,harmonic,harmonic phonon spectrum (isotropic),290.792,1.02915,0.861834,-0.16732,70,180,15.0876,10.3933,173.377,0.648015,-4 0 -5,38,70,160,14.4116,155.473,15.0876,0.0580941,0,0.05,Fischer 1978,
Sb,A7,noSOC,static,no DWF (static),294,1.09677,0,-1.09677,70,180,148.999,84.8226,166.953,0.644896,-3 -1 -10,45,70,160,140.292,153.788,148.999,0.0586574,0,0.05,Fischer 1978,
Sb,A7,noSOC,empirical,empirical Debye-function reference,294,1.09677,0.686109,-0.410665,70,180,40.7175,25.8581,166.953,0.644896,-3 -1 -10,45,70,160,38.8547,153.788,40.7175,0.0586574,0,0.05,Fischer 1978,
Sb,A7,noSOC,elastic,elastic-property-derived Debye,294,1.09677,0.658287,-0.438487,70,180,44.0119,27.8345,166.953,0.644896,-3 -1 -10,45,70,160,41.9772,153.788,44.0119,0.0586574,0,0.05,Fischer 1978,
Sb,A7,noSOC,quasi_harmonic,quasi-harmonic Debye,294,1.09677,0.477786,-0.618988,70,180,67.341,41.4325,166.953,0.644896,-3 -1 -10,45,70,160,64.0132,153.788,67.341,0.0586574,0,0.05,Fischer 1978,
Sb,A7,noSOC,harmonic,harmonic phonon spectrum (isotropic),294,1.09677,1.06064,-0.0361345,70,180,3.05123,2.04426,166.953,0.644896,-3 -1 -10,45,70,160,2.93047,153.788,3.05123,0.0586574,1,0.05,Fischer 1978,
Bi,A7,noSOC,static,no DWF (static),291.899,0.98324,0,-0.98324,70,180,127.137,76.4215,168.615,0.645898,-4 1 -11,56,70,160,121.972,157.637,127.137,0.0584756,0,0.05,Fischer 1978,
Bi,A7,noSOC,empirical,empirical Debye-function reference,291.899,0.98324,1.29891,0.315667,70,180,23.1552,16.6607,168.615,0.645898,-4 1 -11,56,70,160,22.5855,157.637,23.1552,0.0584756,0,0.05,Fischer 1978,
Bi,A7,noSOC,elastic,elastic-property-derived Debye,291.899,0.98324,1.21668,0.233441,70,180,17.6981,12.609,168.615,0.645898,-4 1 -11,56,70,160,17.2473,157.637,17.6981,0.0584756,0,0.05,Fischer 1978,
Bi,A7,noSOC,quasi_harmonic,quasi-harmonic Debye,291.899,0.98324,0.897877,-0.0853635,70,180,7.38223,5.05202,168.615,0.645898,-4 1 -11,56,70,160,7.16798,157.637,7.38223,0.0584756,0,0.05,Fischer 1978,
Bi,A7,noSOC,harmonic,harmonic phonon spectrum (isotropic),291.899,0.98324,1.49103,0.507786,70,180,34.5366,25.4103,168.615,0.645898,-4 1 -11,56,70,160,33.7543,157.637,34.5366,0.0584756,0,0.05,Fischer 1978,
Bi_SOC,A7,SOC,static,no DWF (static),291.899,0.98324,0,-0.98324,70,180,128.649,76.7227,175.096,0.648504,-4 0 -10,54,70,160,122.23,158.063,128.649,0.0580065,0,0.05,Fischer 1978,harmonic B from Bi_SOC_phonon_harmonic_curves.csv; empirical reference has no SOC variant; shared with Bi
Bi_SOC,A7,SOC,empirical,empirical Debye-function reference,291.899,0.98324,1.29891,0.315667,70,180,23.3187,16.7067,175.096,0.648504,-4 0 -10,54,70,160,22.6144,158.063,23.3187,0.0580065,0,0.05,Fischer 1978,harmonic B from Bi_SOC_phonon_harmonic_curves.csv; empirical reference has no SOC variant; shared with Bi
Bi_SOC,A7,SOC,elastic,elastic-property-derived Debye,291.899,0.98324,1.5656,0.582359,70,180,38.727,28.6262,175.096,0.648504,-4 0 -10,54,70,160,37.6848,158.063,38.727,0.0580065,0,0.05,Fischer 1978,harmonic B from Bi_SOC_phonon_harmonic_curves.csv; empirical reference has no SOC variant; shared with Bi
Bi_SOC,A7,SOC,quasi_harmonic,quasi-harmonic Debye,291.899,0.98324,1.26297,0.279734,70,180,20.9658,14.9553,175.096,0.648504,-4 0 -10,54,70,160,20.3228,158.063,20.9658,0.0580065,0,0.05,Fischer 1978,harmonic B from Bi_SOC_phonon_harmonic_curves.csv; empirical reference has no SOC variant; shared with Bi
Bi_SOC,A7,SOC,harmonic,harmonic phonon spectrum (isotropic),291.899,0.98324,1.99133,1.00809,70,180,57.1696,44.2209,175.096,0.648504,-4 0 -10,54,70,160,55.9006,158.063,57.1696,0.0580065,0,0.05,Fischer 1978,harmonic B from Bi_SOC_phonon_harmonic_curves.csv; empirical reference has no SOC variant; shared with Bi
C,cF8,noSOC,static,no DWF (static),295,0.144,0,-0.144,70,180,11.3133,7.92354,140.045,0.61004,-3 -2 -2,4,70,160,11.3133,140.045,11.3133,0.065552,0,0.05,290-300 K literature median,
C,cF8,noSOC,empirical,empirical Debye-function reference,295,0.144,0.1196,-0.0244,70,180,1.83268,1.29903,140.045,0.61004,-3 -2 -2,4,70,160,1.83268,140.045,1.83268,0.065552,1,0.05,290-300 K literature median,
C,cF8,noSOC,elastic,elastic-property-derived Debye,295,0.144,0.1199,-0.0241,70,180,1.80994,1.28295,140.045,0.61004,-3 -2 -2,4,70,160,1.80994,140.045,1.80994,0.065552,1,0.05,290-300 K literature median,
C,cF8,noSOC,quasi_harmonic,quasi-harmonic Debye,295,0.144,0.1287,-0.0153,70,180,1.14528,0.812525,140.045,0.61004,-3 -2 -2,4,70,160,1.14528,140.045,1.14528,0.065552,1,0.05,290-300 K literature median,
C,cF8,noSOC,harmonic,harmonic phonon spectrum (isotropic),295,0.144,0.143,-0.001,70,180,0.0744574,0.0528987,140.045,0.61004,-3 -2 -2,4,70,160,0.0744574,140.045,0.0744574,0.065552,1,0.05,290-300 K literature median,
Si,cF8,noSOC,static,no DWF (static),295,0.4733,0,-0.4733,70,180,46.2256,30.3777,154.887,0.633574,-4 -4 -4,8,70,160,46.2256,154.887,46.2256,0.0607725,0,0.05,290-300 K literature median,
Si,cF8,noSOC,empirical,empirical Debye-function reference,295,0.4733,0.3269,-0.1464,70,180,12.4721,8.5495,154.887,0.633574,-4 -4 -4,8,70,160,12.4721,154.887,12.4721,0.0607725,0,0.05,290-300 K literature median,
Si,cF8,noSOC,elastic,elastic-property-derived Debye,295,0.4733,0.3455,-0.1278,70,180,10.805,7.42393,154.887,0.633574,-4 -4 -4,8,70,160,10.805,154.887,10.805,0.0607725,0,0.05,290-300 K literature median,
Si,cF8,noSOC,quasi_harmonic,quasi-harmonic Debye,295,0.4733,0.3602,-0.1131,70,180,9.50503,6.54264,154.887,0.633574,-4 -4 -4,8,70,160,9.50503,154.887,9.50503,0.0607725,0,0.05,290-300 K literature median,
Si,cF8,noSOC,harmonic,harmonic phonon spectrum (isotropic),295,0.4733,0.5116,0.0383,70,180,3.02806,2.12308,154.887,0.633574,-4 -4 -4,8,70,160,3.02806,154.887,3.02806,0.0607725,1,0.05,290-300 K literature median,
Ge,cF8,noSOC,static,no DWF (static),295,0.5859,0,-0.5859,70,180,63.3057,38.9117,170.679,0.646952,-3 1 2,10,70,160,56.3088,144.038,63.3057,0.0582851,0,0.05,290-300 K literature median,
Ge,cF8,noSOC,empirical,empirical Debye-function reference,295,0.5859,0.3483,-0.2376,70,180,22.0052,14.2509,170.679,0.646952,-3 1 2,10,70,160,19.8577,144.038,22.0052,0.0582851,0,0.05,290-300 K literature median,
Ge,cF8,noSOC,elastic,elastic-property-derived Debye,295,0.5859,0.4389,-0.147,70,180,13.0944,8.59081,170.679,0.646952,-3 1 2,10,70,160,11.8587,144.038,13.0944,0.0582851,0,0.05,290-300 K literature median,
Ge,cF8,noSOC,quasi_harmonic,quasi-harmonic Debye,295,0.5859,0.459,-0.1269,70,180,11.2075,7.37375,170.679,0.646952,-3 1 2,10,70,160,10.1577,144.038,11.2075,0.0582851,0,0.05,290-300 K literature median,
Ge,cF8,noSOC,harmonic,harmonic phonon spectrum (isotropic),295,0.5859,0.6948,0.1089,70,180,8.7128,5.92107,170.679,0.646952,-3 1 2,10,70,160,7.96676,144.038,8.7128,0.0582851,0,0.05,290-300 K literature median,
