material,family,soc_status,h,k,l,multiplicity,d_A,two_theta_deg,s_invA,geometric_F2,allowed,in_high_angle_window,temperature_K,B_exp_A2,dI_over_I_pct_static,dI_over_I_pct_empirical,dI_over_I_pct_elastic,dI_over_I_pct_quasi_harmonic,dI_over_I_pct_harmonic
As,A7,noSOC,0,0,-1,2,10.8314,8.15634,0.0461622,4.79435e-27,0,0,293,1.02915,0.439578,0.0686339,0.12399,0.262067,0.0686368
As,A7,noSOC,0,0,-2,2,5.41569,16.3544,0.0923244,1.14674e-26,0,0,293,1.02915,1.76994,0.274818,0.496883,1.05239,0.27483
As,A7,noSOC,0,0,-3,2,3.61046,24.6377,0.138487,13.2997,1,0,293,1.02915,4.02649,0.619403,1.12146,2.38348,0.61943
As,A7,noSOC,-1,0,0,6,3.30297,26.9728,0.151379,1.27381e-25,0,0,293,1.02915,4.82975,0.740544,1.34144,2.85448,0.740576
As,A7,noSOC,-1,0,-1,12,3.15934,28.2238,0.158261,4.70225,1,0,293,1.02915,5.29056,0.809686,1.4671,3.12403,0.809721
As,A7,noSOC,-1,0,-2,12,2.81989,31.7055,0.177312,197.6,1,0,293,1.02915,6.68517,1.0174,1.84499,3.93692,1.01744
As,A7,noSOC,0,0,-4,2,2.70784,33.0543,0.184649,5.58367e-28,0,0,293,1.02915,7.26995,1.10381,2.00239,4.2765,1.10386
As,A7,noSOC,-1,0,-3,12,2.43702,36.8523,0.205169,2.38909e-25,0,0,293,1.02915,9.0507,1.36453,2.47795,5.30599,1.36459
As,A7,noSOC,0,0,-5,2,2.16627,41.6588,0.230811,1.23583e-26,0,0,293,1.02915,11.5892,1.73005,3.14631,6.7619,1.73013
As,A7,noSOC,-1,0,-4,12,2.09407,43.1659,0.238769,148.671,1,0,293,1.02915,12.4508,1.85253,3.3707,7.25305,1.85261
As,A7,noSOC,-2,1,0,6,1.90697,47.6493,0.262196,216,1,0,293,1.02915,15.2003,2.23812,4.07855,8.81022,2.23822
As,A7,noSOC,-2,1,-1,12,1.87808,48.4287,0.266229,4.50203e-26,0,0,293,1.02915,15.7067,2.30829,4.2076,9.09537,2.30839
As,A7,noSOC,-1,0,-5,12,1.81144,50.332,0.276024,98.3002,1,0,293,1.02915,16.9786,2.48341,4.52996,9.8094,2.48352
As,A7,noSOC,0,0,-6,2,1.80523,50.5172,0.276973,28.628,1,0,293,1.02915,17.1051,2.50073,4.56186,9.88021,2.50084
As,A7,noSOC,-2,1,-2,12,1.79872,50.713,0.277976,7.69206e-25,0,0,293,1.02915,17.2393,2.51909,4.5957,9.95533,2.5192
As,A7,noSOC,-2,1,-3,12,1.68622,54.3644,0.296522,79.7982,1,0,293,1.02915,19.8388,2.87139,5.24575,11.4037,2.87151
As,A7,noSOC,-2,0,0,6,1.65148,55.6054,0.302758,5.08792e-25,0,0,293,1.02915,20.7642,2.99524,5.47471,11.9162,2.99537
As,A7,noSOC,-2,0,-1,12,1.63262,56.3049,0.306257,4.70225,1,0,293,1.02915,21.295,3.06593,5.60549,12.2095,3.06606
As,A7,noSOC,-1,0,-6,12,1.58407,58.1924,0.315642,7.41915e-25,0,0,293,1.02915,22.761,3.25979,5.9645,13.0167,3.25993
As,A7,noSOC,-2,0,-2,12,1.57967,58.3703,0.316522,197.6,1,0,293,1.02915,22.9016,3.27829,5.99879,13.094,3.27843
As,A7,noSOC,-2,1,-4,12,1.55914,59.2148,0.32069,5.26165e-25,0,0,293,1.02915,23.5753,3.36664,6.16262,13.4635,3.36679
As,A7,noSOC,0,0,-7,2,1.54734,59.712,0.323135,1.94346e-25,0,0,293,1.02915,23.9764,3.41906,6.25986,13.6831,3.4192
As,A7,noSOC,-2,0,-3,12,1.50183,61.7154,0.332928,3.78915e-25,0,0,293,1.02915,25.6267,3.6332,6.65756,14.5837,3.63336
As,A7,noSOC,-2,1,-5,12,1.43138,65.116,0.349314,4.21289e-25,0,0,293,1.02915,28.5511,4.0069,7.35319,16.1679,4.00707
As,A7,noSOC,-2,0,-4,12,1.40995,66.2314,0.354623,148.671,1,0,293,1.02915,29.5437,4.13212,7.58673,16.7023,4.1323
As,A7,noSOC,-1,0,-7,12,1.4012,66.6985,0.356836,160.006,1,0,293,1.02915,29.9642,4.18492,7.68527,16.9282,4.1851
As,A7,noSOC,0,0,-8,2,1.35392,69.3526,0.369298,3.44821e-25,0,0,293,1.02915,32.4074,4.48889,8.25338,18.2349,4.48909
As,A7,noSOC,-2,0,-5,12,1.31335,71.8199,0.380705,98.3002,1,1,293,1.02915,34.7597,4.77711,8.79327,19.4838,4.77732
As,A7,noSOC,-2,1,-6,12,1.31098,71.9701,0.381393,171.768,1,1,293,1.02915,34.9054,4.79482,8.82648,19.5609,4.79503
As,A7,noSOC,-1,0,-8,12,1.25276,75.8868,0.399119,30.6323,1,1,293,1.02915,38.8024,5.26268,9.70553,21.6099,5.26291
As,A7,noSOC,-3,1,0,12,1.2484,76.1987,0.400511,1.78041e-24,0,0,293,1.02915,39.1207,5.3004,9.77655,21.7762,5.30064
As,A7,noSOC,-3,1,-1,24,1.24019,76.7947,0.403163,9.4045,1,1,293,1.02915,39.7322,5.37268,9.91266,22.0954,5.37291
As,A7,noSOC,-2,0,-6,12,1.21851,78.42,0.410337,1.04504e-24,0,0,293,1.02915,41.421,5.57087,10.2863,22.9737,5.57112
As,A7,noSOC,-3,1,-2,24,1.2165,78.5744,0.411015,395.201,1,1,293,1.02915,41.5831,5.58979,10.322,23.0578,5.59003
As,A7,noSOC,0,0,-9,2,1.20349,79.5921,0.41546,67.9974,1,1,293,1.02915,42.6577,5.71476,10.5579,23.6143,5.71501
As,A7,noSOC,-2,1,-7,12,1.20155,79.7459,0.416129,1.75372e-24,0,0,293,1.02915,42.8212,5.7337,10.5937,23.6988,5.73395
As,A7,noSOC,-3,1,-3,24,1.17986,81.5169,0.423778,1.04294e-24,0,0,293,1.02915,44.7224,5.95264,11.0077,24.6788,5.9529
As,A7,noSOC,-3,1,-4,24,1.13372,85.6005,0.441027,297.342,1,1,293,1.02915,49.2347,6.46272,11.9747,26.984,6.46301
As,A7,noSOC,-1,0,-9,12,1.13076,85.8782,0.442179,9.62453e-25,0,0,293,1.02915,49.5477,6.49763,12.041,27.1429,6.49791
As,A7,noSOC,-2,0,-7,12,1.12916,86.0299,0.442808,160.006,1,1,293,1.02915,49.7191,6.51671,12.0773,27.2298,6.51699
As,A7,noSOC,-2,1,-8,12,1.10397,88.4939,0.45291,2.17366e-24,0,0,293,1.02915,52.5338,6.82749,12.6685,28.6517,6.82778
As,A7,noSOC,-3,0,0,6,1.10099,88.7967,0.454137,216,1,1,293,1.02915,52.8836,6.86577,12.7415,28.8276,6.86607
As,A7,noSOC,-3,0,-1,12,1.09535,89.3763,0.456477,7.82152e-26,0,0,293,1.02915,53.5556,6.93912,12.8813,29.1652,6.93942
As,A7,noSOC,0,0,-10,2,1.08314,90.661,0.461622,3.54292e-25,0,0,293,1.02915,55.0558,7.10188,13.1917,29.9168,7.10219
As,A7,noSOC,-3,1,-5,24,1.08165,90.821,0.462258,196.6,1,1,293,1.02915,55.2436,7.12216,13.2305,30.0106,7.12247
As,A7,noSOC,-3,0,-2,12,1.07892,91.1151,0.463427,2.16693e-24,0,0,293,1.02915,55.5895,7.15946,13.3017,30.1834,7.15977
As,A7,noSOC,-3,0,-3,12,1.05311,94.0162,0.474783,79.7982,1,1,293,1.02915,59.0394,7.5277,14.0058,31.8982,7.52803
As,A7,noSOC,-2,0,-8,12,1.04704,94.7319,0.477539,30.6323,1,1,293,1.02915,59.9008,7.61859,14.1799,32.324,7.61893
As,A7,noSOC,-1,0,-10,12,1.02921,96.9102,0.485809,1.74235,1,1,293,1.02915,62.5446,7.89501,14.7101,33.6252,7.89536
As,A7,noSOC,-3,1,-6,24,1.02679,97.2152,0.486953,2.69718e-24,0,0,293,1.02915,62.9174,7.93368,14.7844,33.808,7.93403
As,A7,noSOC,-3,0,-4,12,1.01991,98.0968,0.49024,1.57529e-24,0,0,293,1.02915,63.9981,8.04537,14.999,34.3369,8.04572
As,A7,noSOC,-2,1,-9,12,1.01775,98.3765,0.491278,407.984,1,1,293,1.02915,64.3421,8.08079,15.0671,34.505,8.08115
As,A7,noSOC,0,0,-11,2,0.98467,102.942,0.507784,1.83173e-25,0,0,293,1.02915,70.0163,8.65619,16.1759,37.2571,8.65657
As,A7,noSOC,-3,0,-5,12,0.981498,103.408,0.509425,1.11703e-24,0,0,293,1.02915,70.6015,8.71461,16.2887,37.5388,8.71499
As,A7,noSOC,-2,0,-9,12,0.972628,104.741,0.514071,1.6704e-24,0,0,293,1.02915,72.2795,8.88118,16.6107,38.3444,8.88157
As,A7,noSOC,-3,1,-7,24,0.971605,104.898,0.514612,320.012,1,1,293,1.02915,72.4769,8.90068,16.6484,38.439,8.90108
As,A7,noSOC,-4,2,0,6,0.953485,107.778,0.524392,216,1,1,293,1.02915,76.1223,9.25756,17.3397,40.1776,9.25797
As,A7,noSOC,-4,2,-1,12,0.949812,108.388,0.52642,9.52614e-26,0,0,293,1.02915,76.8965,9.33255,17.4852,40.545,9.33296
As,A7,noSOC,-1,0,-11,12,0.943631,109.435,0.529868,215.27,1,1,293,1.02915,78.2277,9.46083,17.7343,41.1751,9.46126
As,A7,noSOC,-2,1,-10,12,0.941819,109.747,0.530888,2.16374e-24,0,0,293,1.02915,78.6248,9.49895,17.8083,41.3627,9.49937
As,A7,noSOC,-3,0,-6,12,0.939965,110.069,0.531935,171.768,1,1,293,1.02915,79.0344,9.53819,17.8846,41.5561,9.53862
As,A7,noSOC,-4,2,-2,12,0.939042,110.23,0.532458,2.86198e-24,0,0,293,1.02915,79.2396,9.55782,17.9227,41.6529,9.55824
As,A7,noSOC,-4,2,-3,12,0.921879,113.351,0.54237,79.7982,1,1,293,1.02915,83.2139,9.93431,18.6556,43.5187,9.93475
As,A7,noSOC,-3,1,-8,24,0.917794,114.131,0.544784,61.2646,1,1,293,1.02915,84.2062,10.0272,18.8368,43.982,10.0277
As,A7,noSOC,-4,1,0,12,0.916079,114.463,0.545805,3.30743e-24,0,0,293,1.02915,84.6286,10.0667,18.9138,44.179,10.0671
As,A7,noSOC,-4,1,-1,24,0.91282,115.102,0.547753,9.4045,1,1,293,1.02915,85.4402,10.1422,19.0612,44.5568,10.1427
As,A7,noSOC,-2,0,-10,12,0.905718,116.529,0.552048,1.74235,1,1,293,1.02915,87.2519,10.3098,19.3887,45.3979,10.3103
As,A7,noSOC,-4,1,-2,24,0.903247,117.037,0.553558,395.201,1,1,293,1.02915,87.8964,10.3691,19.5046,45.6963,10.3696
As,A7,noSOC,0,0,-12,2,0.902614,117.169,0.553946,3.01927,1,1,293,1.02915,88.0628,10.3844,19.5345,45.7733,10.3849
As,A7,noSOC,-4,2,-4,12,0.899359,117.851,0.555952,2.10983e-24,0,0,293,1.02915,88.9264,10.4636,19.6893,46.1723,10.464
As,A7,noSOC,-3,0,-7,12,0.897077,118.337,0.557366,2.87799e-24,0,0,293,1.02915,89.5396,10.5196,19.7989,46.4553,10.52
As,A7,noSOC,-4,1,-3,24,0.887942,120.341,0.5631,1.60707e-24,0,0,293,1.02915,92.0626,10.7484,20.2473,47.6154,10.7489
As,A7,noSOC,-2,1,-11,12,0.874918,123.387,0.571482,1.88835e-24,0,0,293,1.02915,95.8593,11.088,20.9141,49.3498,11.0885
As,A7,noSOC,-4,2,-5,12,0.872691,123.933,0.572941,1.4681e-24,0,0,293,1.02915,96.5334,11.1478,21.0316,49.6563,11.1483
As,A7,noSOC,-1,0,-12,12,0.870689,124.429,0.574258,3.41462e-24,0,0,293,1.02915,97.1457,11.2019,21.138,49.9343,11.2024
As,A7,noSOC,-4,1,-4,24,0.867765,125.167,0.576193,297.342,1,1,293,1.02915,98.051,11.2816,21.2949,50.3448,11.2821
As,A7,noSOC,-3,1,-9,24,0.866438,125.506,0.577075,4.76122e-24,0,0,293,1.02915,98.4665,11.3181,21.3667,50.5329,11.3186
As,A7,noSOC,-3,0,-8,12,0.854207,128.784,0.585338,2.39175e-24,0,0,293,1.02915,102.429,11.6629,22.0465,52.3192,11.6634
As,A7,noSOC,-2,0,-11,12,0.84575,131.229,0.591191,215.27,1,1,293,1.02915,105.319,11.9107,22.5361,53.6129,11.9112
As,A7,noSOC,-4,1,-5,24,0.843737,131.836,0.592601,196.6,1,1,293,1.02915,106.026,11.9709,22.6551,53.9282,11.9714
As,A7,noSOC,-4,2,-6,12,0.843108,132.027,0.593044,171.768,1,1,293,1.02915,106.248,11.9898,22.6926,54.0275,11.9903
As,A7,noSOC,0,0,-13,2,0.833183,135.194,0.600109,2.14931e-26,0,0,293,1.02915,109.858,12.2941,23.2954,55.6303,12.2947
As,A7,noSOC,-4,0,0,6,0.825742,137.769,0.605516,2.03507e-24,0,0,293,1.02915,112.693,12.5301,23.7637,56.8815,12.5307
As,A7,noSOC,-4,0,-1,12,0.823353,138.639,0.607273,4.70225,1,1,293,1.02915,113.628,12.6073,23.9172,57.2926,12.6079
As,A7,noSOC,-3,1,-10,24,0.81813,140.622,0.61115,3.48471,1,1,293,1.02915,115.715,12.7787,24.258,58.2078,12.7793
As,A7,noSOC,-4,1,-6,24,0.816914,141.102,0.61206,3.92231e-24,0,0,293,1.02915,116.209,12.8191,24.3384,58.4242,12.8197
As,A7,noSOC,-4,0,-2,12,0.816308,141.343,0.612514,197.6,1,1,293,1.02915,116.457,12.8393,24.3787,58.5325,12.8399
As,A7,noSOC,-2,1,-12,12,0.815841,141.531,0.612865,18.1156,1,1,293,1.02915,116.649,12.855,24.4098,58.6162,12.8555
As,A7,noSOC,-3,0,-9,12,0.81234,142.972,0.615506,407.984,1,1,293,1.02915,118.1,12.9729,24.6447,59.2494,12.9735
As,A7,noSOC,-4,2,-7,12,0.811744,143.224,0.615958,3.45287e-24,0,0,293,1.02915,118.35,12.9931,24.685,59.3583,12.9937
As,A7,noSOC,-1,0,-13,12,0.807876,144.912,0.618907,189.998,1,1,293,1.02915,119.993,13.1257,24.9494,60.0728,13.1263
As,A7,noSOC,-4,0,-3,12,0.804958,146.251,0.621151,9.40826e-25,0,0,293,1.02915,121.257,13.2271,25.1517,60.6207,13.2277
As,A7,noSOC,-2,0,-12,12,0.792037,153.091,0.631284,3.44671e-24,0,0,293,1.02915,127.112,13.6907,26.0787,63.1439,13.6913
As,A7,noSOC,-4,0,-4,12,0.789834,154.461,0.633044,148.671,1,1,293,1.02915,128.155,13.7722,26.242,63.5905,13.7728
As,A7,noSOC,-4,1,-7,24,0.788287,155.473,0.634286,320.012,1,1,293,1.02915,128.896,13.8299,26.3576,63.9071,13.8305
As,A7,noSOC,-4,2,-8,12,0.779569,162.31,0.64138,2.48562e-24,0,0,293,1.02915,133.199,14.162,27.0242,65.7389,14.1627
As,A7,noSOC,0,0,-14,2,0.77367,169.3,0.646271,2.91728e-25,0,0,293,1.02915,136.242,14.3937,27.4902,67.0259,14.3944
As,A7,noSOC,-3,1,-11,24,0.773125,170.198,0.646726,430.541,1,1,293,1.02915,136.528,14.4154,27.5338,67.1466,14.4161
As,A7,noSOC,-3,0,-10,12,0.772128,172.111,0.647561,2.153e-24,0,0,293,1.02915,137.055,14.4552,27.6141,67.3687,14.4559
As,A7,noSOC,-4,0,-5,12,0.771587,173.377,0.648015,98.3002,1,1,293,1.02915,137.342,14.4769,27.6577,67.4896,14.4776
Sb,A7,noSOC,0,0,-1,2,11.4731,7.69939,0.04358,4.41097e-27,0,0,293,1.09677,0.417472,0.157012,0.167524,0.242642,0.0150741
Sb,A7,noSOC,0,0,-2,2,5.73657,15.4338,0.0871601,9.41538e-27,0,0,293,1.09677,1.68037,0.62953,0.671784,0.974105,0.0603099
Sb,A7,noSOC,0,0,-3,2,3.82438,23.2398,0.13074,6.77476,1,0,293,1.09677,3.8206,1.42202,1.51786,2.20509,0.135748
Sb,A7,noSOC,0,-1,0,6,3.79243,23.4384,0.131842,1.27381e-25,0,0,293,1.09677,3.8865,1.44626,1.54375,2.24282,0.138047
Sb,A7,noSOC,0,-1,-1,12,3.60081,24.7048,0.138858,2.32448,1,0,293,1.09677,4.3202,1.60554,1.71386,2.49091,0.153142
Sb,A7,noSOC,0,-1,-2,12,3.1636,28.185,0.158048,206.802,1,0,293,1.09677,5.63218,2.08489,2.2259,3.23878,0.19844
Sb,A7,noSOC,0,0,-4,2,2.86829,31.1569,0.17432,9.84379e-28,0,0,293,1.09677,6.89282,2.542,2.71433,3.95372,0.241458
Sb,A7,noSOC,0,-1,-3,12,2.69288,33.2433,0.185675,2.26369e-25,0,0,293,1.09677,7.85559,2.88884,3.08504,4.49737,0.273983
Sb,A7,noSOC,0,0,-5,2,2.29463,39.2298,0.2179,3.41535e-26,0,0,293,1.09677,10.9768,4.00016,4.2734,6.246,0.377534
Sb,A7,noSOC,0,-1,-4,12,2.28767,39.354,0.218563,180.775,1,0,293,1.09677,11.0472,4.02502,4.29998,6.28522,0.379838
Sb,A7,noSOC,-1,-1,0,6,2.18956,41.1956,0.228357,216,1,0,293,1.09677,12.1185,4.40182,4.7031,6.88051,0.414713
Sb,A7,noSOC,-1,-1,-1,12,2.15074,41.9738,0.232478,3.48561e-26,0,0,293,1.09677,12.5866,4.56575,4.87851,7.13984,0.42985
Sb,A7,noSOC,-1,-1,-2,12,2.04562,44.2416,0.244425,7.89738e-25,0,0,293,1.09677,14.0025,5.05906,5.40648,7.92163,0.475273
Sb,A7,noSOC,0,-1,-5,12,1.96324,46.2031,0.254682,53.2579,1,0,293,1.09677,15.2899,5.50427,5.88311,8.62891,0.516102
Sb,A7,noSOC,0,0,-6,2,1.91219,47.5112,0.26148,47.4508,1,0,293,1.09677,16.1808,5.81056,6.21109,9.11642,0.5441
Sb,A7,noSOC,-1,-1,-3,12,1.90017,47.8304,0.263134,40.6485,1,0,293,1.09677,16.4021,5.88644,6.29235,9.23732,0.551025
Sb,A7,noSOC,0,-2,0,6,1.89621,47.9365,0.263683,5.08792e-25,0,0,293,1.09677,16.476,5.91174,6.31945,9.27765,0.553333
Sb,A7,noSOC,0,-2,-1,12,1.87083,48.6285,0.26726,2.32448,1,0,293,1.09677,16.9623,6.07803,6.49756,9.5428,0.568491
Sb,A7,noSOC,0,-2,-2,12,1.8004,50.6621,0.277715,206.802,1,0,293,1.09677,18.4332,6.57849,7.03369,10.3421,0.613977
Sb,A7,noSOC,-1,-1,-4,12,1.74042,52.5391,0.287288,6.4426e-25,0,0,293,1.09677,19.8466,7.05571,7.54509,11.1063,0.657173
Sb,A7,noSOC,0,-1,-6,12,1.70743,53.6344,0.292838,6.39507e-25,0,0,293,1.09677,20.6961,7.34085,7.85072,11.5637,0.682898
Sb,A7,noSOC,0,-2,-3,12,1.69885,53.927,0.294316,3.00494e-25,0,0,293,1.09677,20.9261,7.41782,7.93324,11.6873,0.689833
Sb,A7,noSOC,0,0,-7,2,1.63902,56.0654,0.30506,2.5832e-25,0,0,293,1.09677,22.6464,7.99078,8.54757,12.6089,0.741307
Sb,A7,noSOC,-1,-1,-5,12,1.58409,58.1915,0.315638,3.94088e-25,0,0,293,1.09677,24.4255,8.57807,9.17748,13.5563,0.793813
Sb,A7,noSOC,0,-2,-4,12,1.5818,58.2841,0.316096,180.775,1,0,293,1.09677,24.5045,8.60402,9.20532,13.5982,0.796127
Sb,A7,noSOC,-1,0,-7,12,1.50452,61.5928,0.332331,95.5159,1,0,293,1.09677,27.4131,9.55261,10.2233,15.1345,0.880378
Sb,A7,noSOC,0,-2,-5,12,1.4617,63.6042,0.342066,53.2579,1,0,293,1.09677,29.2613,10.1484,10.8629,16.1031,0.932956
Sb,A7,noSOC,-1,-1,-6,12,1.44027,64.6649,0.347158,284.705,1,0,293,1.09677,30.2601,10.4681,11.2063,16.6242,0.96107
Sb,A7,noSOC,0,0,-8,2,1.43414,64.9749,0.34864,3.218e-25,0,0,293,1.09677,30.5552,10.5623,11.3074,16.7778,0.969335
Sb,A7,noSOC,-1,-2,0,12,1.4334,65.0126,0.34882,1.78041e-24,0,0,293,1.09677,30.5912,10.5738,11.3198,16.7965,0.970341
Sb,A7,noSOC,-1,-2,-1,24,1.42234,65.5811,0.351532,4.64896,1,0,293,1.09677,31.1364,10.7474,11.5063,17.0799,0.985562
Sb,A7,noSOC,-1,-2,-2,24,1.39065,67.2719,0.359545,413.604,1,0,293,1.09677,32.7856,11.2699,12.0676,17.9342,1.03124
Sb,A7,noSOC,0,-2,-6,12,1.34644,69.7937,0.37135,1.14767e-24,0,0,293,1.09677,35.3227,12.0658,12.9231,19.2399,1.10044
Sb,A7,noSOC,-1,-2,-3,24,1.34222,70.045,0.372517,7.42629e-25,0,0,293,1.09677,35.5805,12.1462,13.0094,19.372,1.10741
Sb,A7,noSOC,-1,0,-8,12,1.34143,70.0924,0.372736,98.0784,1,1,293,1.09677,35.6292,12.1613,13.0257,19.3969,1.10872
Sb,A7,noSOC,-1,-1,-7,12,1.31212,71.8978,0.381062,1.86619e-24,0,0,293,1.09677,37.5094,12.7443,13.6527,20.3569,1.15909
Sb,A7,noSOC,-1,-2,-4,24,1.28221,73.8488,0.389953,361.55,1,1,293,1.09677,39.5926,13.3846,14.3414,21.4143,1.21414
Sb,A7,noSOC,0,0,-9,2,1.27479,74.3503,0.39222,46.6334,1,1,293,1.09677,40.1367,13.5508,14.5202,21.6894,1.22839
Sb,A7,noSOC,0,-3,0,6,1.26414,75.0843,0.395525,216,1,1,293,1.09677,40.9393,13.7953,14.7833,22.0943,1.24931
Sb,A7,noSOC,0,-3,-1,12,1.25654,75.6182,0.397919,5.19816e-26,0,0,293,1.09677,41.5277,13.9739,14.9756,22.3906,1.26457
Sb,A7,noSOC,0,-2,-7,12,1.24,76.8088,0.403225,95.5159,1,1,293,1.09677,42.8537,14.3749,15.4072,23.0563,1.29874
Sb,A7,noSOC,0,-3,-2,12,1.23452,77.2125,0.405015,2.25099e-24,0,0,293,1.09677,43.3076,14.5117,15.5544,23.2837,1.31037
Sb,A7,noSOC,-1,-2,-5,24,1.2157,78.6364,0.411286,106.516,1,1,293,1.09677,44.9259,14.9969,16.0769,24.0916,1.35154
Sb,A7,noSOC,-1,0,-9,12,1.20835,79.2081,0.413786,1.29248e-24,0,0,293,1.09677,45.5831,15.193,16.2881,24.4187,1.36813
Sb,A7,noSOC,0,-3,-3,12,1.20027,79.8481,0.416573,40.6485,1,1,293,1.09677,46.324,15.4135,16.5255,24.7866,1.38675
Sb,A7,noSOC,-1,-1,-8,12,1.1997,79.8933,0.416769,2.27715e-24,0,0,293,1.09677,46.3766,15.4291,16.5423,24.8127,1.38807
Sb,A7,noSOC,0,-3,-4,12,1.15678,83.503,0.432236,1.91998e-24,0,0,293,1.09677,50.654,16.688,17.8989,26.9216,1.49378
Sb,A7,noSOC,0,0,-10,2,1.14731,84.3494,0.4358,1.30872e-25,0,0,293,1.09677,51.68,16.9866,18.2208,27.4237,1.51871
Sb,A7,noSOC,-1,-2,-6,24,1.14694,84.3837,0.435944,3.3352e-24,0,0,293,1.09677,51.7218,16.9987,18.2339,27.4442,1.51972
Sb,A7,noSOC,0,-2,-8,12,1.14384,84.6655,0.437126,98.0784,1,1,293,1.09677,52.0655,17.0985,18.3415,27.612,1.52803
Sb,A7,noSOC,0,-3,-5,12,1.10723,88.1655,0.451576,7.70905e-25,0,0,293,1.09677,56.4099,18.3473,19.6884,29.7203,1.63156
Sb,A7,noSOC,-2,1,-9,12,1.10168,88.7268,0.453854,279.8,1,1,293,1.09677,57.1192,18.5491,19.9062,30.0622,1.6482
Sb,A7,noSOC,-1,0,-10,12,1.09816,89.086,0.455307,55.4943,1,1,293,1.09677,57.5751,18.6785,20.0459,30.2816,1.65885
Sb,A7,noSOC,-2,-2,0,6,1.09478,89.4349,0.456713,216,1,1,293,1.09677,58.019,18.8043,20.1817,30.495,1.6692
Sb,A7,noSOC,-2,-2,-1,12,1.08983,89.9515,0.458788,6.01063e-26,0,0,293,1.09677,58.6787,18.9909,20.383,30.8117,1.68453
Sb,A7,noSOC,-1,-2,-7,24,1.07899,91.1078,0.463398,191.032,1,1,293,1.09677,60.1654,19.4095,20.8349,31.5232,1.71884
Sb,A7,noSOC,-2,-2,-2,12,1.07537,91.5013,0.464956,2.98374e-24,0,0,293,1.09677,60.6744,19.5523,20.989,31.7662,1.73052
Sb,A7,noSOC,-2,0,-9,12,1.05794,93.4565,0.472616,1.78016e-24,0,0,293,1.09677,63.2257,20.2636,21.7573,32.9793,1.78852
Sb,A7,noSOC,0,-3,-6,12,1.05453,93.8507,0.474143,284.705,1,1,293,1.09677,63.7443,20.4074,21.9126,33.225,1.8002
Sb,A7,noSOC,-2,-2,-3,12,1.0525,94.0873,0.475058,40.6485,1,1,293,1.09677,64.0563,20.4938,22.0059,33.3726,1.80722
Sb,A7,noSOC,-1,-3,0,12,1.05183,94.1662,0.475362,3.30743e-24,0,0,293,1.09677,64.1605,20.5226,22.037,33.4218,1.80955
Sb,A7,noSOC,-1,-3,-1,24,1.04744,94.6842,0.477356,4.64896,1,1,293,1.09677,64.8458,20.7118,22.2414,33.7455,1.8249
Sb,A7,noSOC,0,0,-11,2,1.04301,95.2131,0.47938,5.29687e-27,0,0,293,1.09677,65.5478,20.9051,22.4503,34.0766,1.84056
Sb,A7,noSOC,-1,-3,-2,24,1.03458,96.241,0.483287,413.604,1,1,293,1.09677,66.919,21.2813,22.8568,34.7215,1.87095
Sb,A7,noSOC,-2,-2,-4,12,1.02281,97.723,0.48885,2.56663e-24,0,0,293,1.09677,68.911,21.8243,23.4438,35.6544,1.91469
Sb,A7,noSOC,-1,-1,-10,12,1.01625,98.5731,0.492005,9.93494e-25,0,0,293,1.09677,70.0614,22.1361,23.7809,36.1911,1.93972
Sb,A7,noSOC,-1,-3,-3,24,1.01417,98.8465,0.493013,1.0313e-24,0,0,293,1.09677,70.4324,22.2364,23.8893,36.3639,1.94776
Sb,A7,noSOC,-2,-1,-8,24,1.01383,98.8915,0.493179,196.157,1,1,293,1.09677,70.4936,22.2529,23.9072,36.3924,1.94908
Sb,A7,noSOC,-1,0,-11,12,1.00567,99.9839,0.49718,178.851,1,1,293,1.09677,71.9818,22.6537,24.3406,37.0837,1.98114
Sb,A7,noSOC,0,-3,-7,12,1.001,100.624,0.499502,2.54241e-24,0,0,293,1.09677,72.857,22.8884,24.5945,37.4891,1.99988
Sb,A7,noSOC,-2,-2,-5,12,0.988082,102.446,0.506031,9.59111e-25,0,0,293,1.09677,75.3644,23.5567,25.3175,38.6458,2.05304
Sb,A7,noSOC,-1,-3,-4,24,0.987524,102.527,0.506317,361.55,1,1,293,1.09677,75.4757,23.5862,25.3495,38.6969,2.05538
Sb,A7,noSOC,0,-2,-10,12,0.981618,103.39,0.509363,55.4943,1,1,293,1.09677,76.6708,23.9025,25.6918,39.2457,2.08045
Sb,A7,noSOC,-1,-3,-5,26,0.956162,107.34,0.522924,113.8,1,1,293,1.09677,82.18,25.3437,27.2521,41.7553,2.19392
Sb,A7,noSOC,-1,-2,-9,24,0.952575,107.928,0.524893,4.52573e-24,0,0,293,1.09677,83.0062,25.5574,27.4836,42.129,2.21065
Sb,A7,noSOC,-2,-2,-6,12,0.950085,108.342,0.526269,284.705,1,1,293,1.09677,83.5877,25.7075,27.6463,42.3915,2.22238
Sb,A7,noSOC,0,-3,-8,12,0.948321,108.638,0.527248,2.98173e-24,0,0,293,1.09677,84.0036,25.8147,27.7623,42.579,2.23075
Sb,A7,noSOC,0,-4,0,6,0.948107,108.674,0.527367,2.03507e-24,0,0,293,1.09677,84.0543,25.8277,27.7765,42.6019,2.23177
Sb,A7,noSOC,0,-4,-1,12,0.944886,109.22,0.529164,2.32448,1,1,293,1.09677,84.8226,26.0253,27.9905,42.9479,2.24718
Sb,A7,noSOC,-2,1,-11,12,0.941634,109.779,0.530992,6.53783e-25,0,0,293,1.09677,85.6097,26.2271,28.2093,43.3017,2.2629
Sb,A7,noSOC,0,-4,-2,12,0.935417,110.87,0.534521,206.802,1,1,293,1.09677,87.1471,26.6199,28.6349,43.991,2.29343
Sb,A7,noSOC,-1,0,-12,12,0.927087,112.379,0.539323,3.25422e-24,0,0,293,1.09677,89.2762,27.1604,29.2209,44.9417,2.3353
Sb,A7,noSOC,-1,-3,-6,24,0.921605,113.403,0.542532,5.35179e-24,0,0,293,1.09677,90.7229,27.5256,29.6168,45.5851,2.3635
Sb,A7,noSOC,0,-4,-3,12,0.920249,113.661,0.543331,5.85073e-25,0,0,293,1.09677,91.0863,27.617,29.716,45.7464,2.37055
Sb,A7,noSOC,-2,0,-11,12,0.913885,114.892,0.547115,178.851,1,1,293,1.09677,92.8234,28.0527,30.1885,46.5157,2.40407
Sb,A7,noSOC,-2,-2,-7,12,0.910373,115.588,0.549225,2.87773e-24,0,0,293,1.09677,93.8047,28.2977,30.4543,46.949,2.42288
Sb,A7,noSOC,0,-4,-4,12,0.900202,117.673,0.555431,180.775,1,1,293,1.09677,96.7408,29.0263,31.2448,48.24,2.47862
Sb,A7,noSOC,0,-3,-9,12,0.897626,118.219,0.557025,279.8,1,1,293,1.09677,97.5077,29.2155,31.4501,48.5759,2.49304
Sb,A7,noSOC,-3,1,-10,24,0.895721,118.628,0.558209,110.989,1,1,293,1.09677,98.0807,29.3565,31.6032,48.8265,2.50379
Sb,A7,noSOC,-1,-3,-7,24,0.885225,120.958,0.564828,191.032,1,1,293,1.09677,101.337,30.1533,32.4682,50.2448,2.56427
Sb,A7,noSOC,0,0,-13,2,0.88255,121.574,0.56654,4.02968e-25,0,0,293,1.09677,102.194,30.3617,32.6945,50.6167,2.58004
Sb,A7,noSOC,0,-4,-5,24,0.876255,123.063,0.57061,96.9651,1,1,293,1.09677,104.257,30.8611,33.2369,51.5088,2.61773
Sb,A7,noSOC,-2,-2,-8,12,0.870208,124.55,0.574575,3.36043e-24,0,0,293,1.09677,106.302,31.3528,33.7711,52.3892,2.65472
Sb,A7,noSOC,-3,5,0,12,0.870042,124.591,0.574685,4.82537e-24,0,0,293,1.09677,106.359,31.3665,33.7859,52.4136,2.65574
Sb,A7,noSOC,-2,-3,-1,24,0.867551,125.221,0.576335,4.64896,1,1,293,1.09677,107.22,31.5727,34.0101,52.7835,2.67121
Sb,A7,noSOC,-3,-2,-2,24,0.860205,127.141,0.581257,413.604,1,1,293,1.09677,109.827,32.1934,34.6847,53.8983,2.71765
Sb,A7,noSOC,-1,0,-13,12,0.859581,127.309,0.581679,205.734,1,1,293,1.09677,110.053,32.2471,34.743,53.9947,2.72165
Sb,A7,noSOC,0,-2,-12,12,0.853714,128.922,0.585676,3.35493e-24,0,0,293,1.09677,112.214,32.7578,35.2983,54.9144,2.7597
Sb,A7,noSOC,0,-3,-10,12,0.849581,130.101,0.588525,1.37544e-24,0,0,293,1.09677,113.777,33.1252,35.6978,55.5772,2.78699
Sb,A7,noSOC,0,-4,-6,12,0.849427,130.146,0.588632,3.17098e-24,0,0,293,1.09677,113.836,33.139,35.7128,55.6021,2.78801
Sb,A7,noSOC,-3,5,-3,24,0.848365,130.455,0.589369,1.31654e-24,0,0,293,1.09677,114.243,33.2345,35.8166,55.7745,2.79509
Sb,A7,noSOC,-3,-1,-8,24,0.848166,130.514,0.589508,196.157,1,1,293,1.09677,114.32,33.2525,35.8362,55.807,2.79643
Sb,A7,noSOC,-1,-2,-11,24,0.843372,131.947,0.592859,357.702,1,1,293,1.09677,116.191,33.6894,36.3114,56.5967,2.82876
Sb,A7,noSOC,-3,5,-4,24,0.832582,135.395,0.600541,361.55,1,1,293,1.09677,120.583,34.7058,37.4173,58.4396,2.90361
Sb,A7,noSOC,-2,-2,-9,12,0.830542,136.086,0.602016,279.8,1,1,293,1.09677,121.443,34.9033,37.6323,58.7986,2.9181
Sb,A7,noSOC,-1,-4,0,12,0.827575,137.117,0.604175,432,1,1,293,1.09677,122.711,35.1937,37.9485,59.327,2.93936
Sb,A7,noSOC,-1,-4,-1,24,0.825431,137.881,0.605744,1.69942e-25,0,0,293,1.09677,123.641,35.406,38.1796,59.7136,2.95488
Sb,A7,noSOC,0,-4,-7,12,0.82069,139.635,0.609243,95.5159,1,1,293,1.09677,125.736,35.8824,38.6983,60.5824,2.98962
Sb,A7,noSOC,0,0,-14,2,0.81951,140.086,0.61012,9.03232e-25,0,0,293,1.09677,126.266,36.0025,38.8291,60.8017,2.99836
Sb,A7,noSOC,-1,-4,-2,24,0.819096,140.246,0.610429,1.03586e-23,0,0,293,1.09677,126.453,36.0448,38.8752,60.8791,3.00144
Sb,A7,noSOC,-2,1,-13,12,0.818557,140.456,0.610831,3.20842e-24,0,0,293,1.09677,126.697,36.1,38.9353,60.9799,3.00546
Sb,A7,noSOC,-2,-3,-5,24,0.813527,142.476,0.614608,106.516,1,1,293,1.09677,129.01,36.6213,39.5032,61.9334,3.0433
Sb,A7,noSOC,-1,-3,-9,24,0.811314,143.407,0.616284,6.50971e-24,0,0,293,1.09677,130.049,36.8543,39.757,62.3602,3.06017
Sb,A7,noSOC,-1,-4,-3,24,0.808854,144.477,0.618159,81.2971,1,1,293,1.09677,131.22,37.1162,40.0423,62.8403,3.0791
Sb,A7,noSOC,0,-3,-11,12,0.804522,146.456,0.621487,1.92665e-24,0,0,293,1.09677,133.322,37.5843,40.5525,63.6999,3.11286
Sb,A7,noSOC,-1,0,-14,12,0.801022,148.16,0.624203,2.88618,1,1,293,1.09677,135.06,37.9694,40.9722,64.4082,3.14055
Sb,A7,noSOC,0,-2,-13,12,0.800131,148.61,0.624898,205.734,1,1,293,1.09677,135.508,38.0683,41.0801,64.5904,3.14765
Sb,A7,noSOC,-2,-1,-12,24,0.795393,151.139,0.62862,6.80311e-24,0,0,293,1.09677,137.931,38.6016,41.6615,65.5733,3.18586
Sb,A7,noSOC,-1,-4,-4,24,0.79514,151.281,0.62882,8.95137e-24,0,0,293,1.09677,138.062,38.6304,41.6928,65.6264,3.18792
Sb,A7,noSOC,-2,-2,-10,12,0.792047,153.085,0.631276,1.57311e-24,0,0,293,1.09677,139.683,38.9852,42.0798,66.2816,3.21326
Sb,A7,noSOC,-3,5,-6,24,0.791922,153.16,0.631375,7.36004e-24,0,0,293,1.09677,139.749,38.9996,42.0955,66.3083,3.21429
Sb,A7,noSOC,0,-4,-8,12,0.7909,153.788,0.632191,98.0784,1,1,293,1.09677,140.292,39.1181,42.2247,66.5273,3.22274
Sb,A7,noSOC,-1,-4,-5,24,0.778492,163.36,0.642267,3.04154e-24,0,0,293,1.09677,147.157,40.6017,43.8435,69.2786,3.32799
Sb,A7,noSOC,-3,-1,-10,24,0.775319,166.953,0.644896,110.989,1,1,293,1.09677,148.999,40.9952,44.2731,70.011,3.35574
Bi,A7,noSOC,0,0,-1,2,12.0037,7.3586,0.0416538,4.3486e-27,0,0,293,0.98324,0.341775,-0.111182,-0.08255,0.0457212,-0.177984
Bi,A7,noSOC,0,0,-2,2,6.00185,14.7478,0.0833077,9.08336e-27,0,0,293,0.98324,1.37413,-0.443986,-0.329791,0.18301,-0.710039
Bi,A7,noSOC,0,0,-3,2,4.00123,22.1992,0.124961,5.65709,1,0,293,0.98324,3.11837,-0.996198,-0.740502,0.412244,-1.5905
Bi,A7,noSOC,-1,0,0,6,3.96005,22.4331,0.126261,1.27381e-25,0,0,293,0.98324,3.18458,-1.01692,-0.755924,0.42088,-1.62348
Bi,A7,noSOC,-1,0,-1,12,3.76069,23.639,0.132954,1.93148,1,0,293,0.98324,3.53724,-1.12697,-0.83785,0.466794,-1.79858
Bi,A7,noSOC,-1,0,-2,12,3.30539,26.9526,0.151268,208.343,1,0,293,0.98324,4.60247,-1.45639,-1.08322,0.604661,-2.32199
Bi,A7,noSOC,0,0,-4,2,3.00092,29.7472,0.166615,1.78915e-27,0,0,293,0.98324,5.61084,-1.76415,-1.31265,0.734053,-2.81005
Bi,A7,noSOC,-1,0,-3,12,2.81463,31.7664,0.177643,2.2807e-25,0,0,293,0.98324,6.40226,-2.00299,-1.49083,0.83486,-3.18816
Bi,A7,noSOC,0,0,-5,2,2.40074,37.4298,0.208269,3.95743e-26,0,0,293,0.98324,8.90417,-2.74278,-2.04344,1.14932,-4.35586
Bi,A7,noSOC,-1,0,-4,12,2.39176,37.5756,0.209051,186.458,1,0,293,0.98324,8.9741,-2.76313,-2.05866,1.15802,-4.38791
Bi,A7,noSOC,-2,1,0,6,2.28634,39.3779,0.21869,216,1,0,293,0.98324,9.86123,-3.01983,-2.25067,1.26796,-4.7918
Bi,A7,noSOC,-2,1,-1,12,2.24596,40.1159,0.222622,3.31012e-26,0,0,293,0.98324,10.2367,-3.12766,-2.33136,1.31426,-4.96126
Bi,A7,noSOC,-2,1,-2,12,2.13656,42.2657,0.234021,7.90823e-25,0,0,293,0.98324,11.3709,-3.45041,-2.57304,1.45329,-5.46782
Bi,A7,noSOC,-1,0,-5,12,2.05294,44.0754,0.243553,44.9183,1,0,293,0.98324,12.3723,-3.7318,-2.78391,1.57504,-5.90862
Bi,A7,noSOC,0,0,-6,2,2.00062,45.2913,0.249923,51.1496,1,0,293,0.98324,13.0691,-3.92564,-2.92927,1.6592,-6.21183
Bi,A7,noSOC,-2,1,-3,12,1.98511,45.6649,0.251875,33.9425,1,0,293,0.98324,13.2871,-3.98595,-2.97451,1.68543,-6.30609
Bi,A7,noSOC,-2,0,0,6,1.98003,45.7889,0.252522,5.08792e-25,0,0,293,0.98324,13.3598,-4.00604,-2.98958,1.69418,-6.33749
Bi,A7,noSOC,-2,0,-1,12,1.95363,46.4436,0.255934,1.93148,1,0,293,0.98324,13.7473,-4.11277,-3.06966,1.74068,-6.50419
Bi,A7,noSOC,-2,0,-2,12,1.88034,48.3668,0.265909,208.343,1,0,293,0.98324,14.9176,-4.43224,-3.30951,1.88029,-7.00253
Bi,A7,noSOC,-2,1,-4,12,1.81865,50.1185,0.274929,6.67181e-25,0,0,293,0.98324,16.0254,-4.73071,-3.53378,2.01132,-7.4672
Bi,A7,noSOC,-1,0,-6,12,1.78568,51.1099,0.280006,6.35359e-25,0,0,293,0.98324,16.6699,-4.90264,-3.66305,2.08707,-7.73447
Bi,A7,noSOC,-2,0,-3,12,1.77463,51.4513,0.281749,2.87249e-25,0,0,293,0.98324,16.8948,-4.96233,-3.70795,2.11341,-7.82719
Bi,A7,noSOC,0,0,-7,2,1.71481,53.3851,0.291577,2.49469e-25,0,0,293,0.98324,18.1972,-5.30504,-3.96584,2.2651,-8.35888
Bi,A7,noSOC,-2,1,-5,12,1.65565,55.4533,0.301996,3.95771e-25,0,0,293,0.98324,19.6435,-5.67978,-4.24812,2.43186,-8.93894
Bi,A7,noSOC,-2,0,-4,12,1.6527,55.5611,0.302536,186.458,1,0,293,0.98324,19.7203,-5.69952,-4.26299,2.44067,-8.96945
Bi,A7,noSOC,-1,0,-7,12,1.57361,58.6168,0.31774,81.8099,1,0,293,0.98324,21.9613,-6.26801,-4.69178,2.69551,-9.84665
Bi,A7,noSOC,-2,0,-5,12,1.52752,60.5672,0.327328,44.9183,1,0,293,0.98324,23.4536,-6.63894,-4.97193,2.86298,-10.4173
Bi,A7,noSOC,-2,1,-6,12,1.50559,61.5442,0.332095,306.897,1,0,293,0.98324,24.2191,-6.82693,-5.11401,2.9482,-10.706
Bi,A7,noSOC,0,0,-8,2,1.50046,61.7777,0.333231,3.10502e-25,0,0,293,0.98324,24.4039,-6.87206,-5.14814,2.9687,-10.7752
Bi,A7,noSOC,-3,1,0,12,1.49676,61.9474,0.334055,1.78041e-24,0,0,293,0.98324,24.5385,-6.9049,-5.17297,2.98362,-10.8256
Bi,A7,noSOC,-3,1,-1,24,1.48526,62.4808,0.336642,3.86296,1,0,293,0.98324,24.9642,-7.00841,-5.25125,3.03071,-10.9843
Bi,A7,noSOC,-3,1,-2,24,1.45228,64.0658,0.344286,416.686,1,0,293,0.98324,26.2498,-7.31823,-5.4857,3.1721,-11.4588
Bi,A7,noSOC,-2,0,-6,12,1.40731,66.3714,0.355287,1.17496e-24,0,0,293,0.98324,28.175,-7.77442,-5.83128,3.38149,-12.1556
Bi,A7,noSOC,-1,0,-8,12,1.40312,66.5955,0.356349,113.995,1,0,293,0.98324,28.3656,-7.8191,-5.86514,3.40208,-12.2238
Bi,A7,noSOC,-3,1,-3,24,1.40189,66.6618,0.356662,6.97395e-25,0,0,293,0.98324,28.4221,-7.83231,-5.87516,3.40817,-12.2439
Bi,A7,noSOC,-2,1,-7,12,1.37183,68.3206,0.364476,1.79364e-24,0,0,293,0.98324,29.8529,-8.16467,-6.12725,3.56178,-12.7501
Bi,A7,noSOC,-3,1,-4,24,1.3394,70.2141,0.373301,372.917,1,1,293,0.98324,31.5262,-8.54724,-6.41772,3.73958,-13.3315
Bi,A7,noSOC,0,0,-9,2,1.33374,70.5563,0.374884,40.805,1,1,293,0.98324,31.833,-8.6167,-6.47049,3.77197,-13.4368
Bi,A7,noSOC,-3,0,0,6,1.32002,71.4015,0.378783,216,1,1,293,0.98324,32.5969,-8.78868,-6.60119,3.85232,-13.6976
Bi,A7,noSOC,-3,0,-1,12,1.31211,71.8987,0.381066,4.72911e-26,0,0,293,0.98324,33.0501,-8.89009,-6.67829,3.89981,-13.8512
Bi,A7,noSOC,-2,0,-7,12,1.29626,72.9181,0.385726,81.8099,1,1,293,0.98324,33.9882,-9.09856,-6.83686,3.99765,-14.1666
Bi,A7,noSOC,-3,0,-2,12,1.28921,73.382,0.387836,2.26363e-24,0,0,293,0.98324,34.4189,-9.19364,-6.90921,4.04239,-14.3103
Bi,A7,noSOC,-3,1,-5,24,1.27013,74.6698,0.393661,89.8366,1,1,293,0.98324,35.6276,-9.45829,-7.1107,4.16724,-14.7099
Bi,A7,noSOC,-1,0,-9,12,1.26398,75.0956,0.395576,1.33362e-24,0,0,293,0.98324,36.0313,-9.54599,-7.1775,4.20873,-14.8422
Bi,A7,noSOC,-2,1,-8,12,1.25445,75.7667,0.398583,2.26059e-24,0,0,293,0.98324,36.6716,-9.68437,-7.28294,4.27431,-15.0507
Bi,A7,noSOC,-3,0,-3,12,1.25356,75.8294,0.398863,33.9425,1,1,293,0.98324,36.7317,-9.69732,-7.29281,4.28045,-15.0702
Bi,A7,noSOC,-3,0,-4,12,1.20829,79.213,0.413808,1.98368e-24,0,0,293,0.98324,40.0367,-10.3978,-7.82719,4.61466,-16.1227
Bi,A7,noSOC,0,0,-10,2,1.20037,79.8401,0.416538,9.15937e-26,0,0,293,0.98324,40.6624,-10.5279,-7.9266,4.67716,-16.3177
Bi,A7,noSOC,-3,1,-6,24,1.19847,79.992,0.417198,3.44432e-24,0,0,293,0.98324,40.8146,-10.5595,-7.95071,4.69233,-16.365
Bi,A7,noSOC,-2,0,-8,12,1.19588,80.2007,0.418103,113.995,1,1,293,0.98324,41.0241,-10.6028,-7.98381,4.71318,-16.4298
Bi,A7,noSOC,-3,0,-5,12,1.1567,83.5098,0.432264,7.07597e-25,0,0,293,0.98324,44.4035,-11.2904,-8.50973,5.04592,-17.4568
Bi,A7,noSOC,-2,1,-9,12,1.15205,83.9233,0.434009,244.83,1,1,293,0.98324,44.8334,-11.3763,-8.57553,5.08776,-17.5848
Bi,A7,noSOC,-1,0,-10,12,1.14875,84.2193,0.435254,73.6907,1,1,293,0.98324,45.1419,-11.4378,-8.62261,5.11773,-17.6763
Bi,A7,noSOC,-4,2,0,6,1.14317,84.7264,0.437381,216,1,1,293,0.98324,45.6726,-11.5431,-8.70329,5.16913,-17.833
Bi,A7,noSOC,-4,2,-1,12,1.13802,85.2001,0.43936,5.35026e-26,0,0,293,0.98324,46.1704,-11.6415,-8.77865,5.21722,-17.9793
Bi,A7,noSOC,-3,1,-7,24,1.12763,86.1746,0.443407,163.62,1,1,293,0.98324,47.2011,-11.8436,-8.93366,5.31631,-18.2796
Bi,A7,noSOC,-4,2,-2,12,1.12298,86.6194,0.445244,3.00342e-24,0,0,293,0.98324,47.6743,-11.9358,-9.00438,5.3616,-18.4164
Bi,A7,noSOC,-2,0,-9,12,1.10619,88.2703,0.452002,1.76989e-24,0,0,293,0.98324,49.4457,-12.2776,-9.26663,5.53006,-18.9228
Bi,A7,noSOC,-3,0,-6,12,1.1018,88.7143,0.453804,306.897,1,1,293,0.98324,49.9262,-12.3693,-9.33709,5.57544,-19.0585
Bi,A7,noSOC,-4,2,-3,12,1.09919,88.9808,0.454881,33.9425,1,1,293,0.98324,50.2152,-12.4243,-9.37934,5.60269,-19.1399
Bi,A7,noSOC,-4,1,0,12,1.09832,89.0696,0.45524,3.30743e-24,0,0,293,0.98324,50.3116,-12.4426,-9.39342,5.61177,-19.167
Bi,A7,noSOC,-4,1,-1,24,1.09375,89.5415,0.457142,3.86296,1,1,293,0.98324,50.8254,-12.54,-9.46822,5.66006,-19.3108
Bi,A7,noSOC,0,0,-11,2,1.09125,89.803,0.458192,8.58057e-29,0,0,293,0.98324,51.1108,-12.5939,-9.50963,5.68682,-19.3904
Bi,A7,noSOC,-4,1,-2,24,1.08038,90.9572,0.4628,416.686,1,1,293,0.98324,52.3771,-12.8314,-9.69223,5.80505,-19.7409
Bi,A7,noSOC,-4,2,-4,12,1.06828,92.2846,0.468041,2.65042e-24,0,0,293,0.98324,53.846,-13.1036,-9.9017,5.94113,-20.1419
Bi,A7,noSOC,-2,1,-10,12,1.0628,92.9019,0.470457,7.89933e-25,0,0,293,0.98324,54.5334,-13.2298,-9.99887,6.00443,-20.3276
Bi,A7,noSOC,-3,1,-8,24,1.05968,93.2575,0.471843,227.989,1,1,293,0.98324,54.9308,-13.3025,-10.0548,6.0409,-20.4344
Bi,A7,noSOC,-4,1,-3,24,1.05914,93.3185,0.472079,9.37245e-25,0,0,293,0.98324,54.9989,-13.3149,-10.0644,6.04715,-20.4526
Bi,A7,noSOC,-1,0,-11,12,1.05203,94.1424,0.47527,160.976,1,1,293,0.98324,55.923,-13.4827,-10.1937,6.13164,-20.6991
Bi,A7,noSOC,-3,0,-7,12,1.046,94.8548,0.47801,2.38576e-24,0,0,293,0.98324,56.7258,-13.6275,-10.3052,6.20468,-20.9115
Bi,A7,noSOC,-4,2,-5,12,1.03213,96.5453,0.484436,8.69381e-25,0,0,293,0.98324,58.6435,-13.9693,-10.5689,6.37787,-21.4121
Bi,A7,noSOC,-4,1,-4,24,1.03141,96.6347,0.484772,372.917,1,1,293,0.98324,58.7454,-13.9873,-10.5828,6.38702,-21.4384
Bi,A7,noSOC,-2,0,-10,12,1.02647,97.2558,0.487105,73.6907,1,1,293,0.98324,59.4547,-14.1122,-10.6792,6.45058,-21.6211
Bi,A7,noSOC,0,0,-12,2,1.00031,100.719,0.499846,12.7505,1,1,293,0.98324,63.4468,-14.8019,-11.2122,6.80382,-22.6265
Bi,A7,noSOC,-4,1,-5,24,0.998763,100.933,0.500619,89.8366,1,1,293,0.98324,63.6956,-14.8441,-11.2449,6.82559,-22.6879
Bi,A7,noSOC,-3,1,-9,24,0.995765,101.352,0.502127,4.41768e-24,0,0,293,0.98324,64.1829,-14.9266,-11.3087,6.86814,-22.8078
Bi,A7,noSOC,-4,2,-6,12,0.992557,101.805,0.503749,306.897,1,1,293,0.98324,64.7107,-15.0156,-11.3776,6.9141,-22.9371
Bi,A7,noSOC,-3,0,-8,12,0.991083,102.015,0.504499,3.06405e-24,0,0,293,0.98324,64.9557,-15.0568,-11.4095,6.93539,-22.9969
Bi,A7,noSOC,-4,0,0,6,0.990014,102.168,0.505044,2.03507e-24,0,0,293,0.98324,65.1342,-15.0867,-11.4327,6.95089,-23.0403
Bi,A7,noSOC,-4,0,-1,12,0.986663,102.651,0.506758,1.93148,1,1,293,0.98324,65.6986,-15.1811,-11.5058,6.99979,-23.1773
Bi,A7,noSOC,-2,1,-11,12,0.984822,102.92,0.507706,5.6395e-25,0,0,293,0.98324,66.0121,-15.2334,-11.5463,7.02689,-23.2531
Bi,A7,noSOC,-4,0,-2,12,0.976814,104.107,0.511868,208.343,1,1,293,0.98324,67.4034,-15.4637,-11.7248,7.14662,-23.5868
Bi,A7,noSOC,-1,0,-12,12,0.969845,105.169,0.515546,3.14181e-24,0,0,293,0.98324,68.6519,-15.6683,-11.8834,7.25334,-23.8827
Bi,A7,noSOC,-4,1,-6,24,0.962776,106.276,0.519331,5.63059e-24,0,0,293,0.98324,69.9561,-15.8798,-12.0475,7.36408,-24.1882
Bi,A7,noSOC,-4,0,-3,12,0.961033,106.553,0.520273,5.29844e-25,0,0,293,0.98324,70.2837,-15.9326,-12.0885,7.39179,-24.2644
Bi,A7,noSOC,-2,0,-11,12,0.955712,107.413,0.52317,160.976,1,1,293,0.98324,71.2989,-16.0954,-12.2149,7.47735,-24.4991
Bi,A7,noSOC,-4,2,-7,12,0.951185,108.159,0.52566,2.68513e-24,0,0,293,0.98324,72.1809,-16.2358,-12.324,7.55132,-24.7012
Bi,A7,noSOC,-4,0,-4,12,0.940172,110.033,0.531817,186.458,1,1,293,0.98324,74.3996,-16.5847,-12.5953,7.73596,-25.2029
Bi,A7,noSOC,-3,0,-9,12,0.938209,110.376,0.53293,244.83,1,1,293,0.98324,74.8065,-16.6481,-12.6445,7.7696,-25.2939
Bi,A7,noSOC,-3,1,-10,24,0.936427,110.691,0.533945,147.381,1,1,293,0.98324,75.1789,-16.7059,-12.6895,7.80033,-25.3768
Bi,A7,noSOC,-4,1,-7,24,0.924879,112.788,0.540611,163.62,1,1,293,0.98324,77.6642,-17.0876,-12.9867,8.00398,-25.9237
Bi,A7,noSOC,0,0,-13,2,0.923361,113.072,0.5415,5.41702e-25,0,0,293,0.98324,78.0003,-17.1387,-13.0265,8.03134,-25.9968
Bi,A7,noSOC,-2,1,-12,12,0.916435,114.394,0.545593,76.5031,1,1,293,0.98324,79.5646,-17.3747,-13.2105,8.15805,-26.3341
Bi,A7,noSOC,-4,0,-5,12,0.915246,114.625,0.546301,44.9183,1,1,293,0.98324,79.838,-17.4157,-13.2425,8.1801,-26.3926
Bi,A7,noSOC,-4,2,-8,12,0.909325,115.798,0.549859,3.46073e-24,0,0,293,0.98324,81.2223,-17.6219,-13.4034,8.29129,-26.6867
Bi,A7,noSOC,-5,2,0,12,0.908499,115.964,0.550359,4.82537e-24,0,0,293,0.98324,81.4185,-17.651,-13.426,8.30699,-26.7281
Bi,A7,noSOC,-5,2,-1,24,0.905908,116.49,0.551933,3.86296,1,1,293,0.98324,82.0385,-17.7425,-13.4975,8.35651,-26.8585
Bi,A7,noSOC,-1,0,-13,12,0.89924,117.876,0.556025,192.026,1,1,293,0.98324,83.6689,-17.9813,-13.684,8.48602,-27.1982
Bi,A7,noSOC,-5,2,-2,24,0.898266,118.083,0.556628,416.686,1,1,293,0.98324,83.9114,-18.0166,-13.7116,8.5052,-27.2483
Bi,A7,noSOC,-2,0,-12,12,0.892838,119.254,0.560012,3.25024e-24,0,0,293,0.98324,85.283,-18.215,-13.8666,8.61327,-27.53
Bi,A7,noSOC,-3,0,-10,12,0.888083,120.309,0.56301,1.32568e-24,0,0,293,0.98324,86.514,-18.3913,-14.0045,8.70966,-27.7802
Bi,A7,noSOC,-4,0,-6,12,0.887314,120.483,0.563498,3.35104e-24,0,0,293,0.98324,86.7158,-18.4201,-14.0271,8.72542,-27.8209
Bi,A7,noSOC,-4,1,-8,24,0.88626,120.722,0.564169,227.989,1,1,293,0.98324,86.9935,-18.4596,-14.058,8.74707,-27.8769
Bi,A7,noSOC,-5,2,-3,24,0.885949,120.792,0.564367,1.17648e-24,0,0,293,0.98324,87.0757,-18.4713,-14.0671,8.75348,-27.8935
Bi,A7,noSOC,-3,1,-11,24,0.881774,121.754,0.567039,321.953,1,1,293,0.98324,88.1911,-18.6292,-14.1907,8.84012,-28.1169
Bi,A7,noSOC,-5,2,-4,24,0.869526,124.721,0.575026,372.917,1,1,293,0.98324,91.5975,-19.1037,-14.5625,9.10202,-28.7871
Bi,A7,noSOC,-4,2,-9,12,0.867972,125.114,0.576056,244.83,1,1,293,0.98324,92.0445,-19.1652,-14.6106,9.13608,-28.8737
Bi,A7,noSOC,-5,1,0,12,0.864155,126.097,0.5786,432,1,1,293,0.98324,93.1573,-19.3173,-14.73,9.22059,-29.0879
Bi,A7,noSOC,-5,1,-1,24,0.861924,126.683,0.580098,1.48537e-25,0,0,293,0.98324,93.8174,-19.407,-14.8003,9.27053,-29.2141
Bi,A7,noSOC,0,0,-14,14,0.857407,127.898,0.583154,81.8099,1,1,293,0.98324,95.1771,-19.5905,-14.9444,9.37292,-29.472
Bi,A7,noSOC,-2,1,-13,12,0.856175,128.237,0.583993,3.80215e-24,0,0,293,0.98324,95.5534,-19.641,-14.984,9.40114,-29.5429
Bi,A7,noSOC,-5,1,-2,24,0.855334,128.469,0.584567,1.04335e-23,0,0,293,0.98324,95.8115,-19.6755,-15.0112,9.42048,-29.5914
Bi,A7,noSOC,-5,2,-5,24,0.849693,130.069,0.588448,89.8366,1,1,293,0.98324,97.5723,-19.9096,-15.1951,9.55178,-29.9197
Bi,A7,noSOC,-4,1,-9,24,0.847845,130.608,0.58973,6.171e-24,0,0,293,0.98324,98.1604,-19.9872,-15.2561,9.59542,-30.0284
Bi,A7,noSOC,-5,1,-3,24,0.84468,131.55,0.59194,67.8851,1,1,293,0.98324,99.1806,-20.1211,-15.3614,9.67085,-30.2157
Bi,A7,noSOC,-3,0,-11,12,0.841059,132.658,0.594488,1.69858e-24,0,0,293,0.98324,100.368,-20.2757,-15.4831,9.75822,-30.432
Bi,A7,noSOC,-1,0,-14,12,0.83799,133.625,0.596666,12.7022,1,1,293,0.98324,101.393,-20.4082,-15.5873,9.83324,-30.617
Bi,A7,noSOC,-2,0,-13,12,0.83684,133.994,0.597486,192.026,1,1,293,0.98324,101.781,-20.4581,-15.6267,9.86159,-30.6867
Bi,A7,noSOC,-3,1,-12,24,0.831673,135.701,0.601198,6.82432e-24,0,0,293,0.98324,103.554,-20.6847,-15.8052,9.99044,-31.0027
Bi,A7,noSOC,-5,1,-4,24,0.83041,136.131,0.602112,9.23961e-24,0,0,293,0.98324,103.995,-20.7407,-15.8493,10.0223,-31.0806
Bi,A7,noSOC,-4,2,-10,12,0.827826,137.028,0.603992,1.58944e-24,0,0,293,0.98324,104.907,-20.8558,-15.94,10.0881,-31.2408
Bi,A7,noSOC,-5,2,-6,24,0.827203,137.248,0.604447,7.78103e-24,0,0,293,0.98324,105.128,-20.8837,-15.962,10.104,-31.2796
Bi,A7,noSOC,-4,0,-8,12,0.826348,137.552,0.605072,113.995,1,1,293,0.98324,105.433,-20.922,-15.9922,10.1259,-31.3329
Bi,A7,noSOC,-5,1,-5,24,0.813084,142.66,0.614942,2.68354e-24,0,0,293,0.98324,110.356,-21.5302,-16.4724,10.4759,-32.1767
Bi,A7,noSOC,-4,1,-10,24,0.81031,143.839,0.617048,147.381,1,1,293,0.98324,111.432,-21.6606,-16.5754,10.5514,-32.3571
Bi,A7,noSOC,-2,1,-14,36,0.802812,147.276,0.622811,163.62,1,1,293,0.98324,114.424,-22.0187,-16.8587,10.7597,-32.8516
Bi,A7,noSOC,0,0,-15,2,0.800247,148.551,0.624807,70.387,1,1,293,0.98324,115.477,-22.1432,-16.9572,10.8324,-33.0231
Bi,A7,noSOC,-3,0,-12,12,0.797252,150.118,0.627154,76.5031,1,1,293,0.98324,116.725,-22.2897,-17.0733,10.9182,-33.2248
Bi,A7,noSOC,-4,0,-9,12,0.794946,151.39,0.628973,3.51455e-24,0,0,293,0.98324,117.701,-22.4034,-17.1634,10.985,-33.3813
Bi,A7,noSOC,-5,1,-6,24,0.793311,152.332,0.630269,613.795,1,1,293,0.98324,118.401,-22.4846,-17.2277,11.0328,-33.4928
Bi,A7,noSOC,-5,0,0,6,0.792011,153.106,0.631305,3.18518e-24,0,0,293,0.98324,118.963,-22.5495,-17.2792,11.071,-33.5819
Bi,A7,noSOC,-5,0,-1,12,0.790292,154.169,0.632677,1.93148,1,1,293,0.98324,119.711,-22.6356,-17.3475,11.1218,-33.7001
Bi,A7,noSOC,-4,2,-11,12,0.789345,154.776,0.633436,2.25264e-24,0,0,293,0.98324,120.127,-22.6833,-17.3853,11.1499,-33.7656
Bi,A7,noSOC,-2,0,-14,12,0.786806,156.486,0.63548,12.7022,1,1,293,0.98324,121.252,-22.8117,-17.4872,11.2259,-33.9417
Bi,A7,noSOC,-3,1,-13,24,0.785854,157.162,0.63625,384.052,1,1,293,0.98324,121.679,-22.8602,-17.5256,11.2546,-34.0081
Bi,A7,noSOC,-5,0,-2,12,0.785204,157.637,0.636777,208.343,1,1,293,0.98324,121.972,-22.8934,-17.552,11.2743,-34.0535
Bi,A7,noSOC,-1,0,-15,12,0.784391,158.246,0.637437,2.09718e-24,0,0,293,0.98324,122.339,-22.9349,-17.585,11.2989,-34.1104
Bi,A7,noSOC,-5,2,-8,24,0.777146,164.777,0.643379,227.989,1,1,293,0.98324,125.692,-23.31,-17.883,11.5223,-34.6233
Bi,A7,noSOC,-5,0,-3,12,0.776937,165.01,0.643553,7.08799e-25,0,0,293,0.98324,125.791,-23.321,-17.8917,11.5289,-34.6383
Bi,A7,noSOC,-4,1,-11,24,0.774117,168.615,0.645898,321.953,1,1,293,0.98324,127.137,-23.4695,-18.0098,11.6177,-34.8409
Bi,A7,noSOC,-5,1,-7,24,0.771705,173.082,0.647916,7.08792e-24,0,0,293,0.98324,128.307,-23.5975,-18.1116,11.6945,-35.0153
Bi_SOC,A7,SOC,0,0,-1,2,12.1098,7.29405,0.0412889,4.49506e-27,0,0,293,0.98324,0.335803,-0.109243,-0.200356,-0.0673802,-0.345661
Bi_SOC,A7,SOC,0,0,-2,2,6.0549,14.6179,0.0825778,9.7232e-27,0,0,293,0.98324,1.34999,-0.436258,-0.79902,-0.269249,-1.37549
Bi_SOC,A7,SOC,0,0,-3,2,4.0366,22.0023,0.123867,6.78642,1,0,293,0.98324,3.06314,-0.978905,-1.78882,-0.60479,-3.06828
Bi_SOC,A7,SOC,-1,0,0,6,3.99936,22.2098,0.12502,1.27381e-25,0,0,293,0.98324,3.12134,-0.997128,-1.82198,-0.616071,-3.12479
Bi_SOC,A7,SOC,-1,0,-1,12,3.79761,23.4059,0.131662,2.3286,1,0,293,0.98324,3.46762,-1.10528,-2.01869,-0.683036,-3.45965
Bi_SOC,A7,SOC,-1,0,-2,12,3.33711,26.6917,0.14983,206.786,1,0,293,0.98324,4.51347,-1.42904,-2.60645,-0.88366,-4.4573
Bi_SOC,A7,SOC,0,0,-4,2,3.02745,29.4806,0.165156,1.06016e-27,0,0,293,0.98324,5.51031,-1.73365,-3.15798,-1.07265,-5.38949
Bi_SOC,A7,SOC,-1,0,-3,12,2.84105,31.4633,0.175991,2.30039e-25,0,0,293,0.98324,6.28009,-1.96627,-3.57822,-1.21713,-6.09719
Bi_SOC,A7,SOC,0,0,-5,2,2.42196,37.0898,0.206445,3.45609e-26,0,0,293,0.98324,8.74224,-2.69558,-4.89031,-1.67095,-8.29241
Bi_SOC,A7,SOC,-1,0,-4,12,2.41384,37.2191,0.207139,180.716,1,0,293,0.98324,8.80364,-2.71349,-4.92242,-1.68211,-8.34587
Bi_SOC,A7,SOC,-2,1,0,6,2.30903,38.9752,0.216541,216,1,0,293,0.98324,9.65934,-2.96166,-5.36697,-1.83685,-9.08448
Bi_SOC,A7,SOC,-2,1,-1,12,2.26817,39.7066,0.220442,3.52327e-26,0,0,293,0.98324,10.0276,-3.06766,-5.55657,-1.90299,-9.39874
Bi_SOC,A7,SOC,-2,1,-2,12,2.15747,41.8367,0.231752,7.8725e-25,0,0,293,0.98324,11.1397,-3.38499,-6.12311,-2.10115,-10.335
Bi_SOC,A7,SOC,-1,0,-5,12,2.07169,43.656,0.241349,53.344,1,0,293,0.98324,12.1364,-3.66583,-6.62319,-2.27673,-11.1581
Bi_SOC,A7,SOC,0,0,-6,2,2.0183,44.8728,0.247733,47.413,1,0,293,0.98324,12.8271,-3.8585,-6.96558,-2.3973,-11.7197
Bi_SOC,A7,SOC,-2,1,-3,12,2.00429,45.2038,0.249466,40.7185,1,0,293,0.98324,13.0184,-3.91157,-7.05979,-2.43053,-11.874
Bi_SOC,A7,SOC,-2,0,0,6,1.99968,45.3137,0.25004,5.08792e-25,0,0,293,0.98324,13.0822,-3.92925,-7.09117,-2.4416,-11.9254
Bi_SOC,A7,SOC,-2,0,-1,12,1.97296,45.9623,0.253426,2.3286,1,0,293,0.98324,13.4619,-4.0342,-7.27732,-2.50734,-12.2298
Bi_SOC,A7,SOC,-2,0,-2,12,1.89881,47.8669,0.263323,206.786,1,0,293,0.98324,14.6088,-4.34837,-7.83353,-2.70428,-13.1369
Bi_SOC,A7,SOC,-2,1,-4,12,1.83597,49.6135,0.272335,6.50895e-25,0,0,293,0.98324,15.7019,-4.64396,-8.35546,-2.8898,-13.9844
Bi_SOC,A7,SOC,-1,0,-6,12,1.80185,50.6185,0.277492,6.5232e-25,0,0,293,0.98324,16.3488,-4.81715,-8.66065,-2.9986,-14.4783
Bi_SOC,A7,SOC,-2,0,-3,12,1.79186,50.9209,0.27904,3.00985e-25,0,0,293,0.98324,16.546,-4.86969,-8.75314,-3.03163,-14.6278
Bi_SOC,A7,SOC,0,0,-7,2,1.72997,52.8809,0.289022,2.52755e-25,0,0,293,0.98324,17.853,-5.21495,-9.35986,-3.2488,-15.6055
Bi_SOC,A7,SOC,-2,1,-5,12,1.67123,54.8927,0.299181,4.02157e-25,0,0,293,0.98324,19.246,-5.5774,-9.99482,-3.47711,-16.6236
Bi_SOC,A7,SOC,-2,0,-4,12,1.66855,54.9881,0.299661,180.716,1,0,293,0.98324,19.3133,-5.59478,-10.0252,-3.48807,-16.6722
Bi_SOC,A7,SOC,-1,0,-7,12,1.58779,58.0432,0.314903,95.6546,1,0,293,0.98324,21.5316,-6.16008,-11.0113,-3.84485,-18.2426
Bi_SOC,A7,SOC,-2,0,-5,12,1.54201,59.9394,0.324252,53.344,1,0,293,0.98324,22.9681,-6.51892,-11.6347,-4.07176,-19.2289
Bi_SOC,A7,SOC,-2,1,-6,12,1.51961,60.9159,0.329032,284.478,1,0,293,0.98324,23.7255,-6.70588,-11.9587,-4.19012,-19.7395
Bi_SOC,A7,SOC,0,0,-8,2,1.51372,61.1781,0.330311,3.29889e-25,0,0,293,0.98324,23.9309,-6.75633,-12.046,-4.22207,-19.8769
Bi_SOC,A7,SOC,-3,1,0,12,1.51161,61.2726,0.330772,1.78041e-24,0,0,293,0.98324,24.0052,-6.77454,-12.0776,-4.2336,-19.9265
Bi_SOC,A7,SOC,-3,1,-1,24,1.49997,61.8,0.333339,4.6572,1,0,293,0.98324,24.4216,-6.87638,-12.2537,-4.29813,-20.2033
Bi_SOC,A7,SOC,-3,1,-2,24,1.4666,63.3671,0.340924,413.572,1,0,293,0.98324,25.6792,-7.18124,-12.7801,-4.49145,-21.0279
Bi_SOC,A7,SOC,-2,0,-6,12,1.42052,65.6758,0.351983,1.15285e-24,0,0,293,0.98324,27.5874,-7.63614,-13.5628,-4.78037,-22.2475
Bi_SOC,A7,SOC,-1,0,-8,12,1.41571,65.9273,0.353179,97.9194,1,0,293,0.98324,27.7992,-7.68608,-13.6485,-4.81213,-22.3806
Bi_SOC,A7,SOC,-3,1,-3,24,1.41561,65.9326,0.353204,7.49162e-25,0,0,293,0.98324,27.8036,-7.68713,-13.6503,-4.81279,-22.3834
Bi_SOC,A7,SOC,-2,1,-7,12,1.38449,67.611,0.361143,1.85031e-24,0,0,293,0.98324,29.2368,-8.02216,-14.2245,-5.02597,-23.2723
Bi_SOC,A7,SOC,-3,1,-4,24,1.35241,69.4414,0.369711,361.432,1,0,293,0.98324,30.8382,-8.39074,-14.8541,-5.26084,-24.2421
Bi_SOC,A7,SOC,0,0,-9,2,1.34553,69.8476,0.3716,46.6906,1,0,293,0.98324,31.1989,-8.47294,-14.9943,-5.31327,-24.4572
Bi_SOC,A7,SOC,-3,0,0,6,1.33312,70.5943,0.37506,216,1,1,293,0.98324,31.8672,-8.62443,-15.2522,-5.40995,-24.8526
Bi_SOC,A7,SOC,-3,0,-1,12,1.32511,71.0852,0.377326,5.14347e-26,0,0,293,0.98324,32.31,-8.72425,-15.422,-5.47368,-25.1123
Bi_SOC,A7,SOC,-2,0,-7,12,1.30832,72.1396,0.38217,95.6546,1,1,293,0.98324,33.2707,-8.9393,-15.7873,-5.61108,-25.6698
Bi_SOC,A7,SOC,-3,0,-2,12,1.30194,72.5493,0.384043,2.24623e-24,0,0,293,0.98324,33.6474,-9.02306,-15.9294,-5.66463,-25.8862
Bi_SOC,A7,SOC,-3,1,-5,24,1.28235,73.8392,0.38991,106.688,1,1,293,0.98324,34.846,-9.28751,-16.3772,-5.83382,-26.5665
Bi_SOC,A7,SOC,-1,0,-9,12,1.27529,74.3164,0.392067,1.27098e-24,0,0,293,0.98324,35.2941,-9.38558,-16.5431,-5.89661,-26.8177
Bi_SOC,A7,SOC,-2,1,-8,24,1.26594,74.9592,0.394963,40.7185,1,1,293,0.98324,35.9018,-9.51788,-16.7665,-5.98136,-27.1557
Bi_SOC,A7,SOC,-3,0,-4,12,1.22007,78.3006,0.409813,1.92353e-24,0,0,293,0.98324,39.1335,-10.2086,-17.9286,-6.42457,-28.9026
Bi_SOC,A7,SOC,0,0,-10,2,1.21098,79.0026,0.412889,1.33154e-25,0,0,293,0.98324,39.8276,-10.3541,-18.1725,-6.51815,-29.2672
Bi_SOC,A7,SOC,-3,1,-6,24,1.2099,79.087,0.413258,3.31737e-24,0,0,293,0.98324,39.9114,-10.3716,-18.2019,-6.52941,-29.3109
Bi_SOC,A7,SOC,-2,0,-8,12,1.20692,79.3206,0.414277,97.9194,1,1,293,0.98324,40.1437,-10.4201,-18.283,-6.56058,-29.4319
Bi_SOC,A7,SOC,-3,0,-5,12,1.16789,82.5336,0.428123,7.72725e-25,0,0,293,0.98324,43.3954,-11.0875,-19.3967,-6.9905,-31.0841
Bi_SOC,A7,SOC,-2,1,-9,12,1.16255,82.9961,0.430089,280.144,1,1,293,0.98324,43.8719,-11.1837,-19.5565,-7.05253,-31.3199
Bi_SOC,A7,SOC,-1,0,-10,12,1.15901,83.3058,0.431402,55.32,1,1,293,0.98324,44.1921,-11.248,-19.6634,-7.09407,-31.4774
Bi_SOC,A7,SOC,-4,2,0,6,1.15451,83.7035,0.433082,216,1,1,293,0.98324,44.6047,-11.3307,-19.8006,-7.14742,-31.6793
Bi_SOC,A7,SOC,-4,2,-1,12,1.1493,84.1698,0.435046,5.9542e-26,0,0,293,0.98324,45.0903,-11.4275,-19.9613,-7.20999,-31.9155
Bi_SOC,A7,SOC,-3,1,-7,24,1.13829,85.1748,0.439254,191.309,1,1,293,0.98324,46.1438,-11.6362,-20.307,-7.34486,-32.4224
Bi_SOC,A7,SOC,-4,2,-2,12,1.13408,85.5664,0.440885,2.97508e-24,0,0,293,0.98324,46.5569,-11.7175,-20.4414,-7.39743,-32.6191
Bi_SOC,A7,SOC,-2,0,-9,12,1.11634,87.2635,0.447891,1.74613e-24,0,0,293,0.98324,48.3626,-12.0693,-21.0222,-7.62515,-33.466
Bi_SOC,A7,SOC,-3,0,-6,12,1.11237,87.6543,0.449491,284.478,1,1,293,0.98324,48.782,-12.1502,-21.1554,-7.67756,-33.6597
Bi_SOC,A7,SOC,-4,2,-3,12,1.11001,87.8887,0.450448,40.7185,1,1,293,0.98324,49.0342,-12.1986,-21.2353,-7.70899,-33.7756
Bi_SOC,A7,SOC,-4,1,0,12,1.10922,87.9668,0.450766,3.30743e-24,0,0,293,0.98324,49.1183,-12.2148,-21.2618,-7.71946,-33.8142
Bi_SOC,A7,SOC,-4,1,-1,24,1.1046,88.4307,0.452653,4.6572,1,1,293,0.98324,49.6191,-12.3107,-21.4196,-7.78164,-34.043
Bi_SOC,A7,SOC,0,0,-11,2,1.10089,88.8068,0.454178,5.32524e-27,0,0,293,0.98324,50.0264,-12.3884,-21.5473,-7.83203,-34.2279
Bi_SOC,A7,SOC,-4,1,-2,24,1.09106,89.8218,0.458268,413.572,1,1,293,0.98324,51.1314,-12.5978,-21.891,-7.96792,-34.7246
Bi_SOC,A7,SOC,-4,2,-4,12,1.07874,91.1348,0.463505,2.56107e-24,0,0,293,0.98324,52.5729,-12.8679,-22.3333,-8.14341,-35.3615
Bi_SOC,A7,SOC,-2,1,-10,12,1.07244,91.8233,0.466227,1.00209e-24,0,0,293,0.98324,53.3341,-13.0091,-22.5642,-8.23527,-35.6929
Bi_SOC,A7,SOC,-3,1,-8,48,1.06962,92.1358,0.467457,195.839,1,1,293,0.98324,53.6807,-13.0732,-22.6687,-8.27692,-35.8427
Bi_SOC,A7,SOC,-1,0,-11,12,1.06141,93.0593,0.471071,179.017,1,1,293,0.98324,54.7092,-13.262,-22.9767,-8.39985,-36.2832
Bi_SOC,A7,SOC,-3,0,-7,12,1.05596,93.685,0.473502,2.51495e-24,0,0,293,0.98324,55.4094,-13.3896,-23.1845,-8.48299,-36.5797
Bi_SOC,A7,SOC,-4,2,-5,12,1.04217,95.3153,0.47977,9.66265e-25,0,0,293,0.98324,57.2464,-13.7208,-23.7226,-8.69895,-37.3448
Bi_SOC,A7,SOC,-4,1,-4,24,1.04152,95.3937,0.480069,361.432,1,1,293,0.98324,57.3352,-13.7367,-23.7484,-8.70931,-37.3813
Bi_SOC,A7,SOC,-2,0,-10,12,1.03584,96.0855,0.482698,55.32,1,1,293,0.98324,58.1201,-13.8765,-23.9751,-8.80061,-37.7023
Bi_SOC,A7,SOC,0,0,-12,2,1.00915,99.5147,0.495467,7.23644,1,1,293,0.98324,62.0518,-14.5635,-25.084,-9.24986,-39.2629
Bi_SOC,A7,SOC,-4,1,-5,24,1.00849,99.6036,0.495792,106.688,1,1,293,0.98324,62.1546,-14.5811,-25.1124,-9.26143,-39.3026
Bi_SOC,A7,SOC,-3,1,-9,24,1.00504,100.069,0.497491,4.49301e-24,0,0,293,0.98324,62.6935,-14.6735,-25.2609,-9.32193,-39.5102
Bi_SOC,A7,SOC,-4,2,-6,12,1.00214,100.466,0.498931,284.478,1,1,293,0.98324,63.1533,-14.752,-25.387,-9.37338,-39.6863
Bi_SOC,A7,SOC,-3,0,-8,12,1.00045,100.699,0.499776,2.97436e-24,0,0,293,0.98324,63.4242,-14.7981,-25.461,-9.4036,-39.7896
Bi_SOC,A7,SOC,-4,0,0,6,0.999839,100.784,0.50008,2.03507e-24,0,0,293,0.98324,63.5222,-14.8147,-25.4877,-9.41451,-39.8268
Bi_SOC,A7,SOC,-4,0,-1,12,0.996449,101.256,0.501782,2.3286,1,1,293,0.98324,64.0713,-14.9078,-25.637,-9.47555,-40.0348
Bi_SOC,A7,SOC,-2,1,-11,12,0.993724,101.64,0.503158,6.59367e-25,0,0,293,0.98324,64.5179,-14.9831,-25.7578,-9.52502,-40.203
Bi_SOC,A7,SOC,-4,0,-2,12,0.98648,102.678,0.506853,206.786,1,1,293,0.98324,65.7297,-15.1863,-26.0831,-9.65841,-40.6545
Bi_SOC,A7,SOC,-1,0,-12,12,0.97848,103.857,0.510996,3.31262e-24,0,0,293,0.98324,67.11,-15.4154,-26.4489,-9.80895,-41.1608
Bi_SOC,A7,SOC,-4,1,-6,24,0.972089,104.824,0.514356,5.34386e-24,0,0,293,0.98324,68.2459,-15.602,-26.7464,-9.9317,-41.571
Bi_SOC,A7,SOC,-4,0,-3,12,0.970511,105.066,0.515193,5.90854e-25,0,0,293,0.98324,68.5311,-15.6486,-26.8206,-9.96237,-41.6731
Bi_SOC,A7,SOC,-2,0,-11,12,0.9644,106.019,0.518457,179.017,1,1,293,0.98324,69.6531,-15.8309,-27.1105,-10.0824,-42.0715
Bi_SOC,A7,SOC,-4,2,-7,12,0.960307,106.67,0.520667,2.85579e-24,0,0,293,0.98324,70.421,-15.9547,-27.3072,-10.164,-42.3411
Bi_SOC,A7,SOC,-4,0,-4,12,0.949403,108.456,0.526647,180.716,1,1,293,0.98324,72.5327,-16.2915,-27.8408,-10.3862,-43.0699
Bi_SOC,A7,SOC,-3,0,-9,12,0.947016,108.858,0.527974,280.144,1,1,293,0.98324,73.0084,-16.3666,-27.9595,-10.4358,-43.2315
Bi_SOC,A7,SOC,-3,1,-10,24,0.945101,109.183,0.529044,110.64,1,1,293,0.98324,73.3935,-16.4272,-28.0553,-10.4758,-43.3617
Bi_SOC,A7,SOC,-4,1,-7,24,0.933765,111.164,0.535466,191.309,1,1,293,0.98324,75.7404,-16.7928,-28.6316,-10.7175,-44.1428
Bi_SOC,A7,SOC,0,0,-13,2,0.931522,111.568,0.536756,4.05453e-25,0,0,293,0.98324,76.2188,-16.8665,-28.7476,-10.7663,-44.2994
Bi_SOC,A7,SOC,-2,1,-12,12,0.924694,112.823,0.540719,43.4186,1,1,293,0.98324,77.705,-17.0938,-29.1047,-10.9168,-44.7805
Bi_SOC,A7,SOC,-4,0,-5,12,0.924185,112.918,0.541017,53.344,1,1,293,0.98324,77.8176,-17.1109,-29.1316,-10.9282,-44.8166
Bi_SOC,A7,SOC,-4,2,-8,12,0.917986,114.094,0.54467,3.34904e-24,0,0,293,0.98324,79.2099,-17.3214,-29.4615,-11.0677,-45.2594
Bi_SOC,A7,SOC,-5,2,0,12,0.917515,114.185,0.54495,4.82537e-24,0,0,293,0.98324,79.3173,-17.3376,-29.4868,-11.0784,-45.2933
Bi_SOC,A7,SOC,-5,2,-1,24,0.914893,114.694,0.546512,4.6572,1,1,293,0.98324,79.9195,-17.4279,-29.628,-11.1383,-45.4824
Bi_SOC,A7,SOC,-1,0,-13,36,0.907238,116.219,0.551123,619.416,1,1,293,0.98324,81.7192,-17.6954,-30.0458,-11.316,-46.04
Bi_SOC,A7,SOC,-2,0,-12,12,0.900927,117.521,0.554984,3.3596e-24,0,0,293,0.98324,83.2517,-17.9205,-30.3964,-11.4656,-46.506
Bi_SOC,A7,SOC,-3,0,-10,12,0.896369,118.488,0.557806,1.40904e-24,0,0,293,0.98324,84.3868,-18.0856,-30.6531,-11.5755,-46.8461
Bi_SOC,A7,SOC,-4,0,-6,12,0.89593,118.583,0.558079,3.16949e-24,0,0,293,0.98324,84.4973,-18.1016,-30.6779,-11.5861,-46.879
Bi_SOC,A7,SOC,-4,1,-8,48,0.89472,118.844,0.558834,195.839,1,1,293,0.98324,84.8036,-18.1459,-30.7467,-11.6156,-46.9699
Bi_SOC,A7,SOC,-3,1,-11,24,0.8899,119.903,0.561861,358.033,1,1,293,0.98324,86.0404,-18.3237,-31.0225,-11.7341,-47.334
Bi_SOC,A7,SOC,-5,2,-4,24,0.878076,122.627,0.569427,361.432,1,1,293,0.98324,89.1982,-18.7707,-31.7135,-12.0323,-48.2417
Bi_SOC,A7,SOC,-4,2,-9,12,0.876186,123.08,0.570655,280.144,1,1,293,0.98324,89.7199,-18.8436,-31.8259,-12.0809,-48.3887
Bi_SOC,A7,SOC,-5,1,0,12,0.872731,123.923,0.572914,432,1,1,293,0.98324,90.6862,-18.9779,-32.0328,-12.1707,-48.6588
Bi_SOC,A7,SOC,-5,1,-1,24,0.870474,124.483,0.5744,1.68642e-25,0,0,293,0.98324,91.3265,-19.0664,-32.169,-12.2299,-48.8362
Bi_SOC,A7,SOC,-4,0,-7,12,0.865661,125.706,0.577594,95.6546,1,1,293,0.98324,92.7157,-19.2571,-32.462,-12.3575,-49.2171
Bi_SOC,A7,SOC,0,0,-14,2,0.864985,125.881,0.578045,8.94585e-25,0,0,293,0.98324,92.9134,-19.2841,-32.5034,-12.3755,-49.2709
Bi_SOC,A7,SOC,-2,1,-13,36,0.863873,126.171,0.578789,1.34645e-23,0,0,293,0.98324,93.2404,-19.3286,-32.5717,-12.4053,-49.3595
Bi_SOC,A7,SOC,-5,2,-5,24,0.858011,127.734,0.582743,106.688,1,1,293,0.98324,94.9936,-19.5658,-32.9351,-12.5643,-49.8298
Bi_SOC,A7,SOC,-4,1,-9,24,0.855887,128.316,0.584189,6.51613e-24,0,0,293,0.98324,95.6417,-19.6528,-33.0681,-12.6226,-50.0014
Bi_SOC,A7,SOC,-5,4,-3,24,0.853022,129.117,0.586151,81.437,1,1,293,0.98324,96.5272,-19.771,-33.2486,-12.7019,-50.2341
Bi_SOC,A7,SOC,-3,0,-11,12,0.848864,130.31,0.589023,1.93007e-24,0,0,293,0.98324,97.8356,-19.9444,-33.5131,-12.8183,-50.574
Bi_SOC,A7,SOC,-1,0,-14,12,0.845437,131.323,0.59141,2.82237,1,1,293,0.98324,98.9348,-20.0889,-33.7331,-12.9153,-50.8561
Bi_SOC,A7,SOC,-2,0,-13,12,0.844399,131.635,0.592137,205.844,1,1,293,0.98324,99.272,-20.133,-33.8002,-12.945,-50.9419
Bi_SOC,A7,SOC,-3,1,-12,24,0.839302,133.209,0.595733,6.91969e-24,0,0,293,0.98324,100.953,-20.3514,-34.132,-13.0919,-51.3657
Bi_SOC,A7,SOC,-5,1,-4,24,0.838583,133.437,0.596244,8.98332e-24,0,0,293,0.98324,101.194,-20.3825,-34.1792,-13.1128,-51.4258
Bi_SOC,A7,SOC,-4,2,-10,12,0.835614,134.392,0.598362,1.60588e-24,0,0,293,0.98324,102.197,-20.5116,-34.3749,-13.1997,-51.6749
Bi_SOC,A7,SOC,-5,2,-6,24,0.835259,134.508,0.598617,7.33853e-24,0,0,293,0.98324,102.319,-20.5271,-34.3984,-13.2102,-51.7047
Bi_SOC,A7,SOC,-4,0,-8,12,0.834277,134.831,0.599321,97.9194,1,1,293,0.98324,102.654,-20.5701,-34.4635,-13.2391,-51.7874
Bi_SOC,A7,SOC,-5,1,-5,24,0.821052,139.498,0.608974,3.06438e-24,0,0,293,0.98324,107.356,-21.1619,-35.3566,-13.6383,-52.9162
Bi_SOC,A7,SOC,-4,1,-10,24,0.817951,140.692,0.611284,110.64,1,1,293,0.98324,108.509,-21.3042,-35.5706,-13.7344,-53.1849
Bi_SOC,A7,SOC,-5,2,-7,24,0.810569,143.727,0.61685,191.309,1,1,293,0.98324,111.331,-21.6484,-36.0867,-13.9673,-53.8305
Bi_SOC,A7,SOC,-2,1,-14,12,0.810015,143.968,0.617273,5.30942e-24,0,0,293,0.98324,111.548,-21.6746,-36.1259,-13.985,-53.8794
Bi_SOC,A7,SOC,0,0,-15,2,0.807319,145.163,0.619334,71.992,1,1,293,0.98324,112.61,-21.8025,-36.3171,-14.0717,-54.1175
Bi_SOC,A7,SOC,-3,0,-12,12,0.804614,146.413,0.621416,43.4186,1,1,293,0.98324,113.693,-21.9319,-36.5104,-14.1594,-54.3576
Bi_SOC,A7,SOC,-4,0,-9,12,0.802529,147.414,0.623031,3.72094e-24,0,0,293,0.98324,114.539,-22.0324,-36.6603,-14.2276,-54.5435
Bi_SOC,A7,SOC,-5,1,-6,24,0.801049,148.146,0.624181,568.956,1,1,293,0.98324,115.146,-22.1041,-36.7671,-14.2762,-54.6758
Bi_SOC,A7,SOC,-5,5,0,6,0.799871,148.743,0.625101,3.18518e-24,0,0,293,0.98324,115.632,-22.1614,-36.8525,-14.3151,-54.7814
Bi_SOC,A7,SOC,-5,0,-1,12,0.798132,149.648,0.626463,2.3286,1,1,293,0.98324,116.356,-22.2465,-36.979,-14.3729,-54.9377
Bi_SOC,A7,SOC,-4,2,-11,12,0.79673,150.401,0.627565,2.6023e-24,0,0,293,0.98324,116.945,-22.3154,-37.0814,-14.4197,-55.0641
Bi_SOC,A7,SOC,-2,0,-14,12,0.793895,151.992,0.629806,2.82237,1,1,293,0.98324,118.151,-22.4556,-37.2897,-14.515,-55.3205
Bi_SOC,A7,SOC,-3,1,-13,36,0.793035,152.495,0.630489,618.474,1,1,293,0.98324,118.52,-22.4984,-37.3532,-14.5441,-55.3986
Bi_SOC,A7,SOC,-1,0,-15,12,0.791357,153.505,0.631826,1.98058e-24,0,0,293,0.98324,119.247,-22.5822,-37.4774,-14.601,-55.5512
Bi_SOC,A7,SOC,-5,2,-8,36,0.784633,158.063,0.637241,195.839,1,1,293,0.98324,122.23,-22.9225,-37.9808,-14.8328,-56.1673
Bi_SOC,A7,SOC,-4,1,-11,24,0.781376,160.682,0.639897,358.033,1,1,293,0.98324,123.717,-23.09,-38.2278,-14.9469,-56.4682
Bi_SOC,A7,SOC,-5,1,-7,24,0.779194,162.669,0.641689,7.71987e-24,0,0,293,0.98324,124.729,-23.2031,-38.3945,-15.0241,-56.6708
Bi_SOC,A7,SOC,-5,0,-4,12,0.773335,169.842,0.64655,180.716,1,1,293,0.98324,127.514,-23.5109,-38.8467,-15.2342,-57.2185
Bi_SOC,A7,SOC,-4,0,-10,12,0.771005,175.096,0.648504,55.32,1,1,293,0.98324,128.649,-23.6349,-39.0285,-15.319,-57.4378
C,cF8,noSOC,-1,-1,-1,8,2.06266,43.857,0.242405,16,1,0,295,0.144,1.7067,0.287162,0.283626,0.179968,0.0117528
C,cF8,noSOC,-1,-1,0,6,1.78632,51.0902,0.279905,3.29947e-31,0,0,295,0.144,2.28204,0.383066,0.378347,0.24003,0.0156706
C,cF8,noSOC,-2,-1,-1,12,1.26312,75.1558,0.395846,48,1,1,295,0.144,4.61617,0.767598,0.758125,0.480635,0.0313437
C,cF8,noSOC,-2,-2,-1,24,1.07719,91.3029,0.464171,48,1,1,295,0.144,6.40165,1.05696,1.0439,0.661469,0.0431002
C,cF8,noSOC,-2,-2,-2,8,1.03133,96.6448,0.48481,3.27986e-30,0,0,295,0.144,7.00355,1.1536,1.13934,0.721819,0.0470193
C,cF8,noSOC,-2,-2,0,6,0.893159,119.184,0.559811,24,1,1,295,0.144,9.44542,1.54109,1.522,0.963581,0.0626973
C,cF8,noSOC,-3,-2,-2,24,0.819619,140.045,0.61004,48,1,1,295,0.144,11.3133,1.83268,1.80994,1.14528,0.0744574
C,cF8,noSOC,-3,-2,-1,24,0.798865,149.263,0.625888,5.31659e-29,0,0,295,0.144,11.943,1.93006,1.9061,1.20592,0.0783778
Si,cF8,noSOC,-1,-1,-1,8,3.15669,28.2479,0.158394,16,1,0,295,0.4733,2.4033,0.737296,0.643323,0.569115,-0.191993
Si,cF8,noSOC,-1,-1,0,6,2.73378,32.7319,0.182897,3.29947e-31,0,0,295,0.4733,3.21717,0.984268,0.858682,0.759539,-0.255909
Si,cF8,noSOC,-2,-1,-1,12,1.93307,46.9669,0.258656,48,1,0,295,0.4733,6.53785,1.97822,1.72474,1.52485,-0.511164
Si,cF8,noSOC,-2,-2,-1,24,1.64853,55.7137,0.303301,48,1,0,295,0.4733,9.09827,2.73011,2.37916,2.10264,-0.702176
Si,cF8,noSOC,-2,-2,-2,8,1.57835,58.4239,0.316787,3.27986e-30,0,0,295,0.4733,9.96535,2.98196,2.59823,2.29597,-0.765765
Si,cF8,noSOC,-2,-2,0,6,1.36689,68.6022,0.365794,24,1,0,295,0.4733,13.5031,3.99558,3.47922,3.07295,-1.01971
Si,cF8,noSOC,-3,-1,-1,24,1.25434,75.7739,0.398615,48,1,1,295,0.4733,16.2309,4.76234,4.14493,3.65955,-1.20975
Si,cF8,noSOC,-3,-2,-1,24,1.22258,78.1089,0.40897,5.31659e-29,0,0,295,0.4733,17.1547,5.01918,4.36778,3.85583,-1.27301
Si,cF8,noSOC,-3,-3,-2,24,1.11606,87.2911,0.448005,96,1,1,295,0.4733,20.9238,6.05285,5.26397,4.64465,-1.52567
Si,cF8,noSOC,-3,-3,-3,32,1.05223,94.1191,0.475181,64,1,1,295,0.4733,23.8299,6.83477,5.94115,5.2402,-1.71473
Si,cF8,noSOC,-4,-2,-2,12,0.966536,105.683,0.517311,48,1,1,295,0.4733,28.8296,8.15081,7.07949,6.24032,-2.02903
Si,cF8,noSOC,-4,-2,-1,48,0.924186,112.918,0.541017,96,1,1,295,0.4733,31.9258,8.9482,7.76836,6.84495,-2.21713
Si,cF8,noSOC,-4,-1,-1,30,0.911259,115.411,0.548691,1.36064e-28,0,0,295,0.4733,32.9743,9.2153,7.99897,7.04726,-2.27975
Si,cF8,noSOC,-3,1,-2,24,0.864496,126.008,0.578371,96,1,1,295,0.4733,37.2523,10.2903,8.92634,7.86033,-2.52982
Si,cF8,noSOC,-4,-4,-3,24,0.833794,134.99,0.599668,48,1,1,295,0.4733,40.5509,11.1034,9.62708,8.47418,-2.71696
Si,cF8,noSOC,-4,-4,-2,24,0.824265,138.304,0.606601,1.65539e-28,0,0,295,0.4733,41.6679,11.3758,9.86167,8.67957,-2.77926
Si,cF8,noSOC,-4,-4,-4,8,0.789174,154.887,0.633574,32,1,1,295,0.4733,46.2256,12.4721,10.805,9.50503,-3.02806
Ge,cF8,noSOC,-1,-1,-1,8,3.33911,26.6754,0.14974,16,1,0,295,0.5859,2.66225,1.0712,0.66139,0.570697,-0.487164
Ge,cF8,noSOC,-1,-1,0,6,2.89176,30.8976,0.172905,3.29947e-31,0,0,295,0.5859,3.56533,1.43081,0.882823,0.761652,-0.649025
Ge,cF8,noSOC,-2,-1,-1,12,2.04478,44.2607,0.244525,48,1,0,295,0.5859,7.25777,2.88209,1.77344,1.52911,-1.29384
Ge,cF8,noSOC,-2,-2,-1,24,1.74379,52.4295,0.286731,48,1,0,295,0.5859,10.1132,3.98416,2.44656,2.10853,-1.7747
Ge,cF8,noSOC,-2,-2,-2,8,1.66956,54.9523,0.299481,3.27986e-30,0,0,295,0.5859,11.0819,4.35413,2.67192,2.3024,-1.93446
Ge,cF8,noSOC,-2,-2,0,6,1.44588,64.3836,0.345811,24,1,0,295,0.5859,15.0423,5.84724,3.57833,3.08159,-2.57093
Ge,cF8,noSOC,-3,-2,-2,24,1.32683,70.9794,0.376838,48,1,1,295,0.5859,18.105,6.98108,4.26339,3.66988,-3.04557
Ge,cF8,noSOC,-3,-1,-2,24,1.29323,73.1163,0.386628,5.31659e-29,0,0,295,0.5859,19.1439,7.36171,4.49275,3.86672,-3.20327
Ge,cF8,noSOC,-3,-3,-2,24,1.18055,81.4591,0.42353,96,1,1,295,0.5859,23.3918,8.89785,5.41523,4.65782,-3.83151
Ge,cF8,noSOC,-3,-3,-3,32,1.11304,87.5882,0.449221,64,1,1,295,0.5859,26.6768,10.0644,6.11244,5.2551,-4.30001
Ge,cF8,noSOC,-4,-2,-2,12,1.02239,97.7766,0.48905,48,1,1,295,0.5859,32.3473,12.0364,7.28471,6.25815,-5.07577
Ge,cF8,noSOC,-4,-2,-1,48,0.977592,103.99,0.511461,96,1,1,295,0.5859,35.8707,13.2365,7.99428,6.86456,-5.53821
Ge,cF8,noSOC,-3,-3,-4,30,0.963919,106.095,0.518716,1.36064e-28,0,0,295,0.5859,37.0659,13.6394,8.23184,7.06747,-5.69185
Ge,cF8,noSOC,-4,-3,-1,24,0.914454,114.78,0.546774,96,1,1,295,0.5859,41.9528,15.2654,9.18734,7.88295,-6.30394
Ge,cF8,noSOC,-4,-4,-3,24,0.881978,121.707,0.566908,48,1,1,295,0.5859,45.7319,16.5001,9.90949,8.49863,-6.76039
Ge,cF8,noSOC,-4,-4,-2,24,0.871897,124.129,0.573462,1.65539e-28,0,0,295,0.5859,47.0138,16.9146,10.1513,8.70464,-6.91205
Ge,cF8,noSOC,-4,-4,-4,8,0.834778,134.666,0.598961,32,1,1,295,0.5859,52.2554,18.5874,11.1237,9.53259,-7.51621
Ge,cF8,noSOC,-5,-3,-3,48,0.809854,144.038,0.617395,96,1,1,295,0.5859,56.3088,19.8577,11.8587,10.1577,-7.96676
Ge,cF8,noSOC,-3,-1,2,24,0.802029,147.659,0.623419,1.25972e-28,0,0,295,0.5859,57.6838,20.2842,12.1047,10.3669,-8.11645
Ge,cF8,noSOC,-3,1,2,48,0.772854,170.679,0.646952,192,1,1,295,0.5859,63.3057,22.0052,13.0944,11.2075,-8.7128
