T_K,B_A2__harmonic_phonon_spectrum_(isotropic),B_A2__harmonic_phonon_spectrum_(basal-plane_average),B_A2__harmonic_phonon_spectrum_(c-axis)
0.0,0.14328323,0.1409948,0.1478601
10.0,0.14565088,0.14300267,0.15094731
20.0,0.15588422,0.1521893,0.16327405
30.0,0.1743238,0.16927082,0.18442974
40.0,0.19811507,0.19155007,0.21124506
50.0,0.22525253,0.21711156,0.24153449
60.0,0.25457684,0.24483488,0.27406075
70.0,0.2853879,0.2740347,0.30809431
80.0,0.31724567,0.30427675,0.34318352
90.0,0.34986195,0.3352752,0.37903545
100.0,0.38304224,0.36683661,0.4154535
110.0,0.41665232,0.39882756,0.45230186
120.0,0.45059482,0.43115012,0.48948421
130.0,0.48480102,0.46373639,0.52693028
140.0,0.51921804,0.49653348,0.56458717
150.0,0.55380745,0.5295027,0.60241697
160.0,0.5885382,0.56261325,0.6403881
170.0,0.62338659,0.59584144,0.67847687
180.0,0.65833446,0.62916912,0.71666514
190.0,0.69336629,0.66258049,0.75493788
200.0,0.7284705,0.69606451,0.79328248
210.0,0.76363709,0.7296109,0.83168945
220.0,0.79885736,0.76321098,0.87015012
230.0,0.83412448,0.79685765,0.90865816
240.0,0.86943319,0.83054616,0.94720725
250.0,0.90477874,0.86427178,0.98579267
260.0,0.94015641,0.89802899,1.02441125
270.0,0.97556302,0.93181541,1.06305825
280.0,1.01099569,0.96562788,1.10173131
290.0,1.04645152,0.99946325,1.14042805
300.0,1.08192788,1.03331916,1.17914532
310.0,1.11742371,1.0671948,1.21788155
320.0,1.15293692,1.10108781,1.25663514
330.0,1.18846513,1.13499582,1.29540374
340.0,1.22400781,1.16891805,1.33418734
350.0,1.25956391,1.20285369,1.37298436
360.0,1.29513213,1.23680197,1.41179243
370.0,1.33071113,1.27076052,1.45061235
380.0,1.36630013,1.30472933,1.48944174
390.0,1.40189887,1.33870761,1.5282814
400.0,1.43750604,1.37269458,1.56712895
410.0,1.47312189,1.40669024,1.60598519
420.0,1.50874484,1.440693,1.64484853
430.0,1.54437438,1.47470208,1.68371898
440.0,1.58001102,1.50871826,1.72259654
450.0,1.61565371,1.54274076,1.76147962
460.0,1.65130194,1.57676879,1.80036823
470.0,1.68695568,1.61080234,1.83926237
480.0,1.72261417,1.64484063,1.87816124
490.0,1.75827766,1.67888366,1.91706564
500.0,1.79394509,1.71293064,1.95597399
510.0,1.829617,1.74698235,1.99488629
520.0,1.86529286,1.78103802,2.03380253
530.0,1.90097213,1.81509684,2.07272273
540.0,1.9366551,1.84915961,2.11164608
550.0,1.97234122,1.88322553,2.15057259
560.0,2.00803076,1.91729462,2.18950304
570.0,2.0437232,1.95136686,2.22843587
580.0,2.079418,1.98544147,2.26737106
590.0,2.11511623,2.01951924,2.30631021
600.0,2.15081656,2.05359938,2.34525093
610.0,2.18651927,2.08768189,2.38419402
620.0,2.22222434,2.12176676,2.42313948
630.0,2.25793177,2.15585401,2.46208731
640.0,2.29364106,2.18994283,2.5010375
650.0,2.32935244,2.22403403,2.53998928
660.0,2.36506567,2.2581268,2.57894342
670.0,2.40078101,2.29222194,2.61789914
680.0,2.43649739,2.32631787,2.65685645
690.0,2.47221589,2.36041617,2.69581533
700.0,2.50793596,2.39451605,2.73477579
710.0,2.54365761,2.4286175,2.77373783
720.0,2.57938032,2.46271975,2.81270145
730.0,2.61510513,2.49682436,2.85166665
740.0,2.65083099,2.53092977,2.89063342
750.0,2.68655817,2.56503675,2.92960099
760.0,2.72228613,2.59914453,2.96856935
770.0,2.75801568,2.63325388,3.00753928
780.0,2.79374628,2.66736402,3.0465108
790.0,2.8294782,2.70147574,3.0854831
800.0,2.8652109,2.73558826,3.1244562
810.0,2.90094466,2.76970156,3.16343087
820.0,2.93667921,2.80381565,3.20240633
830.0,2.97241507,2.83793132,3.24138258
840.0,3.00815172,2.87204777,3.28035963
850.0,3.04388943,2.90616502,3.31933825
860.0,3.07962766,2.94028306,3.35831687
870.0,3.11536668,2.97440189,3.39729628
880.0,3.15110676,3.00852151,3.43627727
