h,k,l,multiplicity,d_A,two_theta_deg,s_invA,I_static_prefactor,I_no_DWF_static_B=0.0000,I_empirical_digitized_reference_B=0.6837,I_elastic-derived_Debye_B=0.6561,I_quasi-harmonic_Debye_B=0.4588,I_harmonic_phonon_spectrum_isotropic_B=1.0571,I_experimental_Fischer_1978_B=1.0968
0,0,-1,2,11.473144,7.6994,0.043580,0.0000,0.0000,0.0000,0.0000,0.0000,0.0000,0.0000
0,0,-2,2,5.736572,15.4338,0.087160,0.0000,0.0000,0.0000,0.0000,0.0000,0.0000,0.0000
0,0,-3,2,3.824381,23.2398,0.130740,324174.5001,324174.5001,316685.0632,316984.2854,319130.1201,312668.7039,312244.8594
0,-1,0,6,3.792426,23.4384,0.131842,0.0000,0.0000,0.0000,0.0000,0.0000,0.0000,0.0000
0,-1,-1,12,3.600809,24.7048,0.138858,95629.6458,95629.6458,93141.1443,93240.4230,93952.7392,91809.7254,91669.3486
0,-1,-2,12,3.163599,28.1850,0.158048,6094211.7589,6094211.7589,5889559.3971,5897693.3745,5956128.9065,5780723.5831,5769275.6280
0,0,-4,2,2.868286,31.1569,0.174320,0.0000,0.0000,0.0000,0.0000,0.0000,0.0000,0.0000
0,-1,-3,12,2.692877,33.2433,0.185675,0.0000,0.0000,0.0000,0.0000,0.0000,0.0000,0.0000
0,0,-5,2,2.294629,39.2298,0.217900,0.0000,0.0000,0.0000,0.0000,0.0000,0.0000,0.0000
0,-1,-4,12,2.287671,39.3540,0.218563,2167853.4395,2167853.4395,2030767.2765,2036134.2535,2074889.9162,1959605.5692,1952190.7986
-1,-1,0,6,2.189558,41.1956,0.228357,2275077.4593,2275077.4593,2118492.8853,2124605.4450,2168788.6712,2037586.6661,2029171.8668
-1,-1,-1,12,2.150743,41.9738,0.232478,0.0000,0.0000,0.0000,0.0000,0.0000,0.0000,0.0000
-1,-1,-2,12,2.045617,44.2416,0.244425,0.0000,0.0000,0.0000,0.0000,0.0000,0.0000,0.0000
0,-1,-5,12,1.963236,46.2031,0.254682,402224.1896,402224.1896,368084.1818,369405.6726,378985.2201,350681.2098,348880.7251
0,0,-6,2,1.912191,47.5112,0.261480,330003.1566,330003.1566,300547.4274,301684.9357,309937.3232,285588.2588,284042.8645
-1,-1,-3,12,1.900170,47.8304,0.263134,277136.0796,277136.0796,252099.8699,253066.1479,260077.6687,239396.9071,238085.0695
0,-2,0,6,1.896213,47.9365,0.263683,0.0000,0.0000,0.0000,0.0000,0.0000,0.0000,0.0000
0,-2,-1,12,1.870834,48.6285,0.267260,15086.9298,15086.9298,13682.9807,13737.0874,14129.8912,12972.2979,12898.9724
0,-2,-2,12,1.800404,50.6621,0.277715,1187339.6433,1187339.6433,1068491.4611,1073054.3505,1106222.6959,1008694.2221,1002539.1943
-1,-1,-4,12,1.740416,52.5391,0.287288,0.0000,0.0000,0.0000,0.0000,0.0000,0.0000,0.0000
0,-1,-6,12,1.707428,53.6344,0.292838,0.0000,0.0000,0.0000,0.0000,0.0000,0.0000,0.0000
0,-2,-3,12,1.698854,53.9270,0.294316,0.0000,0.0000,0.0000,0.0000,0.0000,0.0000,0.0000
0,0,-7,2,1.639021,56.0654,0.305060,0.0000,0.0000,0.0000,0.0000,0.0000,0.0000,0.0000
-1,-1,-5,12,1.584094,58.1915,0.315638,0.0000,0.0000,0.0000,0.0000,0.0000,0.0000,0.0000
0,-2,-4,12,1.581800,58.2841,0.316096,677909.3676,677909.3676,591333.7901,594607.2907,618525.8088,548820.4490,544485.8824
-1,0,-7,12,1.504523,61.5928,0.332331,302524.5344,302524.5344,260117.4677,261709.6057,273370.6457,239526.2315,237436.0098
0,-2,-5,12,1.461704,63.6042,0.342066,152948.3839,152948.3839,130333.0875,131178.4122,137378.8982,119428.8102,118324.9496
-1,-1,-6,12,1.440267,64.6649,0.347158,777623.6816,777623.6816,659470.2689,663876.2179,696219.7038,602714.4932,596977.4305
0,0,-8,2,1.434143,64.9749,0.348640,0.0000,0.0000,0.0000,0.0000,0.0000,0.0000,0.0000
-1,-2,0,12,1.433402,65.0126,0.348820,0.0000,0.0000,0.0000,0.0000,0.0000,0.0000,0.0000
-1,-2,-1,24,1.422345,65.5811,0.351532,12169.4305,12169.4305,10277.3447,10347.7553,10864.9880,9371.4373,9279.9822
-1,-2,-2,24,1.390647,67.2719,0.359545,1003050.5210,1003050.5210,840523.2235,846548.1435,890864.0880,763180.5170,755391.0669
0,-2,-6,12,1.346439,69.7937,0.371350,0.0000,0.0000,0.0000,0.0000,0.0000,0.0000,0.0000
-1,-2,-3,24,1.342222,70.0450,0.372517,0.0000,0.0000,0.0000,0.0000,0.0000,0.0000,0.0000
-1,0,-8,12,1.341431,70.0924,0.372736,210664.9485,210664.9485,174213.7441,175556.1903,185452.1198,157046.1767,155324.1591
-1,-1,-7,12,1.312121,71.8978,0.381062,0.0000,0.0000,0.0000,0.0000,0.0000,0.0000,0.0000
-1,-2,-4,24,1.282207,73.8488,0.389953,668772.6629,668772.6629,543213.3011,547796.4452,581682.1694,484905.4488,479088.9407
0,0,-9,2,1.274794,74.3503,0.392220,84647.6205,84647.6205,68588.8192,69174.2881,73504.7268,61145.5460,60403.5942
0,-3,0,6,1.264142,75.0843,0.395525,381583.6554,381583.6554,308093.2834,310767.8417,330561.9861,274125.5216,270743.2878
0,-3,-1,12,1.256538,75.6182,0.397919,0.0000,0.0000,0.0000,0.0000,0.0000,0.0000,0.0000
0,-2,-7,12,1.240001,76.8088,0.403225,158676.5849,158676.5849,127043.5390,128189.9592,136686.3576,112518.8352,111076.3176
0,-3,-2,12,1.234523,77.2125,0.405015,0.0000,0.0000,0.0000,0.0000,0.0000,0.0000,0.0000
-1,-2,-5,24,1.215699,78.6364,0.411286,166375.7749,166375.7749,132017.2569,133256.8893,142457.8141,116352.0948,114800.6037
-1,0,-9,12,1.208354,79.2081,0.413786,0.0000,0.0000,0.0000,0.0000,0.0000,0.0000,0.0000
0,-3,-3,12,1.200270,79.8481,0.416573,61075.0596,61075.0596,48173.1556,48637.2587,52085.3984,42318.3932,41739.5998
-1,-1,-8,12,1.199704,79.8933,0.416769,0.0000,0.0000,0.0000,0.0000,0.0000,0.0000,0.0000
0,-3,-4,12,1.156776,83.5030,0.432236,0.0000,0.0000,0.0000,0.0000,0.0000,0.0000,0.0000
0,0,-10,2,1.147314,84.3494,0.435800,0.0000,0.0000,0.0000,0.0000,0.0000,0.0000,0.0000
-1,-2,-6,24,1.146935,84.3837,0.435944,0.0000,0.0000,0.0000,0.0000,0.0000,0.0000,0.0000
0,-2,-8,12,1.143835,84.6655,0.437126,128405.9308,128405.9308,98879.4492,99928.8874,107757.0398,85731.4309,84441.2119
0,-3,-5,12,1.107234,88.1655,0.451576,0.0000,0.0000,0.0000,0.0000,0.0000,0.0000,0.0000
-2,1,-9,12,1.101676,88.7268,0.453854,333144.7522,333144.7522,251363.5899,254240.6691,275774.7746,215527.6291,212033.0926
-1,0,-10,12,1.098161,89.0860,0.455307,65583.8970,65583.8970,49394.9185,49963.9328,54224.1213,42311.1238,41620.7343
-2,-2,0,6,1.094779,89.4349,0.456713,253468.4484,253468.4484,190566.7797,192775.7123,209318.7342,163081.0562,160403.7383
-2,-2,-1,12,1.089829,89.9515,0.458788,0.0000,0.0000,0.0000,0.0000,0.0000,0.0000,0.0000
-1,-2,-7,24,1.078987,91.1078,0.463398,217116.0707,217116.0707,161868.5704,163800.5055,178289.3266,137887.2962,135557.4043
-2,-2,-2,12,1.075371,91.5013,0.464956,0.0000,0.0000,0.0000,0.0000,0.0000,0.0000,0.0000
-2,0,-9,12,1.057942,93.4565,0.472616,0.0000,0.0000,0.0000,0.0000,0.0000,0.0000,0.0000
0,-3,-6,12,1.054533,93.8507,0.474143,309277.0439,309277.0439,227423.3607,230265.8447,251632.4317,192278.0226,188878.0149
-2,-2,-3,12,1.052504,94.0873,0.475058,44003.2903,44003.2903,32318.9446,32724.4566,35773.2412,27306.7695,26822.0630
-1,-3,0,12,1.051830,94.1662,0.475362,0.0000,0.0000,0.0000,0.0000,0.0000,0.0000,0.0000
-1,-3,-1,24,1.047437,94.6842,0.477356,4990.0684,4990.0684,3654.0864,3700.3823,4048.6254,3082.3521,3027.1133
0,0,-11,2,1.043013,95.2131,0.479380,0.0000,0.0000,0.0000,0.0000,0.0000,0.0000,0.0000
-1,-3,-2,24,1.034583,96.2410,0.483287,435075.0252,435075.0252,316120.5348,320226.4589,351151.7970,265526.8392,260650.4509
-2,-2,-4,12,1.022809,97.7230,0.488850,0.0000,0.0000,0.0000,0.0000,0.0000,0.0000,0.0000
-1,-1,-10,12,1.016250,98.5731,0.492005,0.0000,0.0000,0.0000,0.0000,0.0000,0.0000,0.0000
-1,-3,-3,24,1.014172,98.8465,0.493013,0.0000,0.0000,0.0000,0.0000,0.0000,0.0000,0.0000
-2,-1,-8,24,1.013830,98.8915,0.493179,200646.8832,200646.8832,143874.6219,145821.1401,160514.4131,119979.5722,117685.9012
-1,0,-11,12,1.005672,99.9839,0.497180,181264.7701,181264.7701,129274.2903,131051.9621,144482.8333,107485.6270,105397.6597
0,-3,-7,12,1.000998,100.6236,0.499502,0.0000,0.0000,0.0000,0.0000,0.0000,0.0000,0.0000
-2,-2,-5,12,0.988082,102.4462,0.506031,0.0000,0.0000,0.0000,0.0000,0.0000,0.0000,0.0000
-1,-3,-4,24,0.987524,102.5267,0.506317,360464.6391,360464.6391,253872.8131,257494.2706,284912.8280,209643.3178,205421.3555
0,-2,-10,12,0.981618,103.3903,0.509363,55106.7530,55106.7530,38647.4371,39205.4391,43433.1347,31840.6603,31191.7676
-1,-3,-5,26,0.956162,107.3395,0.522924,112042.1333,112042.1333,77087.4406,78260.9570,87180.5593,62850.0011,61500.7964
-1,-2,-9,24,0.952575,107.9282,0.524893,0.0000,0.0000,0.0000,0.0000,0.0000,0.0000,0.0000
-2,-2,-6,12,0.950085,108.3422,0.526269,280383.0402,280383.0402,191986.1723,194946.6072,217466.1760,156118.2248,152724.2881
0,-3,-8,12,0.948321,108.6380,0.527248,0.0000,0.0000,0.0000,0.0000,0.0000,0.0000,0.0000
0,-4,0,6,0.948107,108.6740,0.527367,0.0000,0.0000,0.0000,0.0000,0.0000,0.0000,0.0000
0,-4,-1,12,0.944886,109.2202,0.529164,2291.5345,2291.5345,1562.5342,1586.8965,1772.3462,1267.7163,1239.8559
-2,1,-11,12,0.941634,109.7791,0.530992,0.0000,0.0000,0.0000,0.0000,0.0000,0.0000,0.0000
0,-4,-2,12,0.935417,110.8698,0.534521,204656.4866,204656.4866,138466.5560,140669.7371,157462.5585,111863.8309,109355.9671
-1,0,-12,12,0.927087,112.3786,0.539323,0.0000,0.0000,0.0000,0.0000,0.0000,0.0000,0.0000
-1,-3,-6,24,0.921605,113.4034,0.542532,0.0000,0.0000,0.0000,0.0000,0.0000,0.0000,0.0000
0,-4,-3,12,0.920249,113.6608,0.543331,0.0000,0.0000,0.0000,0.0000,0.0000,0.0000,0.0000
-2,0,-11,12,0.913885,114.8918,0.547115,180464.4796,180464.4796,119845.3845,121843.9470,137124.6799,95840.4017,93590.5375
-2,-2,-7,12,0.910373,115.5876,0.549225,0.0000,0.0000,0.0000,0.0000,0.0000,0.0000,0.0000
0,-4,-4,12,0.900202,117.6733,0.555431,186322.7264,186322.7264,122194.0840,124294.7644,140390.0131,97051.9106,94704.6707
0,-3,-9,12,0.897626,118.2194,0.557025,289798.2188,289798.2188,189594.9432,192873.2343,218001.4440,150385.3363,146727.5523
-3,1,-10,24,0.895721,118.6278,0.558209,115392.2486,115392.2486,75356.9538,76665.5470,86698.9899,59713.6726,58255.1662
-1,-3,-7,24,0.885225,120.9575,0.564828,203448.4009,203448.4009,131518.3906,133857.2051,151820.2672,103639.7533,101048.7264
0,0,-13,2,0.882550,121.5739,0.566540,0.0000,0.0000,0.0000,0.0000,0.0000,0.0000,0.0000
0,-4,-5,24,0.876255,123.0635,0.570610,105896.9135,105896.9135,67844.7712,69076.3196,78549.3567,53201.8978,51844.8136
-2,-2,-8,12,0.870208,124.5498,0.574575,0.0000,0.0000,0.0000,0.0000,0.0000,0.0000,0.0000
-3,5,0,12,0.870042,124.5912,0.574685,0.0000,0.0000,0.0000,0.0000,0.0000,0.0000,0.0000
-2,-3,-1,24,0.867551,125.2211,0.576335,5226.4969,5226.4969,3318.5216,3379.9867,3853.4869,2589.5616,2522.1921
-3,-2,-2,24,0.860205,127.1411,0.581257,478410.3111,478410.3111,301405.1923,307084.4287,350891.9212,234198.7689,228002.7827
-1,0,-13,12,0.859581,127.3087,0.581679,238589.5908,238589.5908,150213.9077,153048.4689,174915.6690,116676.8837,113585.6432
0,-2,-12,12,0.853714,128.9219,0.585676,0.0000,0.0000,0.0000,0.0000,0.0000,0.0000,0.0000
0,-3,-10,12,0.849581,130.1013,0.588525,0.0000,0.0000,0.0000,0.0000,0.0000,0.0000,0.0000
0,-4,-6,12,0.849427,130.1460,0.588632,0.0000,0.0000,0.0000,0.0000,0.0000,0.0000,0.0000
-3,5,-3,24,0.848365,130.4554,0.589369,0.0000,0.0000,0.0000,0.0000,0.0000,0.0000,0.0000
-3,-1,-8,24,0.848166,130.5139,0.589508,239952.4706,239952.4706,149189.6337,152081.8905,174441.1496,115090.6179,111959.9085
-1,-2,-11,24,0.843372,131.9468,0.592859,449118.2753,449118.2753,277728.9354,283175.0955,325316.1838,213617.8412,207741.6517
-3,5,-4,24,0.832582,135.3949,0.600541,486055.1304,486055.1304,296825.1552,302799.1412,349121.7968,226748.1189,220350.3498
-2,-2,-9,12,0.830542,136.0861,0.602016,381711.8310,381711.8310,232539.8999,237243.3101,273728.6956,177404.7741,172374.9792
-1,-4,0,12,0.827575,137.1167,0.604175,602750.3152,602750.3152,365892.2422,373346.5685,431205.9897,278597.2098,270642.4773
-1,-4,-1,24,0.825431,137.8812,0.605744,0.0000,0.0000,0.0000,0.0000,0.0000,0.0000,0.0000
0,-4,-7,12,0.820690,139.6353,0.609243,141247.9761,141247.9761,85024.7298,86786.4269,100479.7979,64442.7739,62572.2025
0,0,-14,2,0.819510,140.0864,0.610120,0.0000,0.0000,0.0000,0.0000,0.0000,0.0000,0.0000
-1,-4,-2,24,0.819096,140.2465,0.610429,0.0000,0.0000,0.0000,0.0000,0.0000,0.0000,0.0000
-2,1,-13,12,0.818557,140.4557,0.610831,0.0000,0.0000,0.0000,0.0000,0.0000,0.0000,0.0000
-2,-3,-5,24,0.813527,142.4764,0.614608,169157.9892,169157.9892,100915.1607,103043.4769,119611.4878,76112.5442,73864.7401
-1,-3,-9,24,0.811314,143.4074,0.616284,0.0000,0.0000,0.0000,0.0000,0.0000,0.0000,0.0000
-1,-4,-3,24,0.808854,144.4767,0.618159,136289.1844,136289.1844,80821.3086,82545.8023,95983.7420,60758.3921,58943.5589
0,-3,-11,12,0.804522,146.4562,0.621487,0.0000,0.0000,0.0000,0.0000,0.0000,0.0000,0.0000
-1,0,-14,12,0.801022,148.1600,0.624203,5396.4841,5396.4841,3167.4936,3236.4213,3774.4612,2367.8867,2295.7902
0,-2,-13,12,0.800131,148.6103,0.624898,390200.5001,390200.5001,228758.5292,233747.7404,272700.5998,170899.6026,165684.7038
-2,-1,-12,24,0.795393,151.1391,0.628620,0.0000,0.0000,0.0000,0.0000,0.0000,0.0000,0.0000
-1,-4,-4,24,0.795140,151.2810,0.628820,0.0000,0.0000,0.0000,0.0000,0.0000,0.0000,0.0000
-2,-2,-10,12,0.792047,153.0845,0.631276,0.0000,0.0000,0.0000,0.0000,0.0000,0.0000,0.0000
-3,5,-6,24,0.791922,153.1601,0.631375,0.0000,0.0000,0.0000,0.0000,0.0000,0.0000,0.0000
0,-4,-8,12,0.790900,153.7882,0.632191,222981.2846,222981.2846,129095.9617,131978.3797,154530.1320,95786.2148,92795.8100
-1,-4,-5,24,0.778492,163.3605,0.642267,0.0000,0.0000,0.0000,0.0000,0.0000,0.0000,0.0000
-3,-1,-10,24,0.775319,166.9534,0.644896,509279.2707,509279.2707,288379.4717,295082.7393,347724.6648,211394.1428,204530.9794
