material,family,soc_status,f_min_THz,inv_sq_moment_THz_minus2,theta_dwf_K,theta_dwf_change_pct,theta_D_emp_K,theta_D_elastic_K,theta_D_qh_K,ratio_emp,ratio_elastic,ratio_qh
As,A7,noSOC,0,0.128257,232.11,0,229,249.135,334.878,1.01358,0.931663,0.693118
As,A7,noSOC,0.05,0.127772,232.549,0.189299,229,249.135,334.878,1.0155,0.933427,0.69443
As,A7,noSOC,0.1,0.127309,232.972,0.371247,229,249.135,334.878,1.01734,0.935122,0.695691
As,A7,noSOC,0.2,0.126177,234.015,0.82079,229,249.135,334.878,1.0219,0.93931,0.698807
As,A7,noSOC,0.5,0.119481,240.483,3.60732,229,249.135,334.878,1.05014,0.965271,0.718121
Sb,A7,noSOC,0,0.258956,163.35,0,204,206.693,247.915,0.800737,0.790304,0.658897
Sb,A7,noSOC,0.05,0.257702,163.747,0.243007,204,206.693,247.915,0.802683,0.792225,0.660498
Sb,A7,noSOC,0.1,0.256399,164.163,0.497401,204,206.693,247.915,0.80472,0.794235,0.662174
Sb,A7,noSOC,0.2,0.252949,165.279,1.18049,204,206.693,247.915,0.81019,0.799634,0.666675
Sb,A7,noSOC,0.5,0.238288,170.287,4.24668,204,206.693,247.915,0.834742,0.823866,0.686878
Bi,A7,noSOC,0,0.625055,105.142,0,112,115.1,137.969,0.938764,0.91348,0.762067
Bi,A7,noSOC,0.05,0.615268,105.974,0.79214,112,115.1,137.969,0.9462,0.920716,0.768103
Bi,A7,noSOC,0.1,0.604829,106.885,1.65822,112,115.1,137.969,0.954331,0.928628,0.774703
Bi,A7,noSOC,0.2,0.587,108.496,3.1905,112,115.1,137.969,0.968715,0.942625,0.78638
Bi,A7,noSOC,0.5,0.53297,113.863,8.29478,112,115.1,137.969,1.01663,0.989251,0.825278
Bi_SOC,A7,SOC,0,0.832061,91.1289,0,NA,101.418,117.056,NA,0.898547,0.778506
Bi_SOC,A7,SOC,0.05,0.784821,93.8314,2.96559,NA,101.418,117.056,NA,0.925194,0.801594
Bi_SOC,A7,SOC,0.1,0.762159,95.2162,4.4852,NA,101.418,117.056,NA,0.938849,0.813424
Bi_SOC,A7,SOC,0.2,0.730926,97.2292,6.6942,NA,101.418,117.056,NA,0.958698,0.830621
Bi_SOC,A7,SOC,0.5,0.647915,103.27,13.3231,NA,101.418,117.056,NA,1.01826,0.882227
C,cF8,noSOC,0,0.00185235,1931.4,0,2230,2224.75,2098.68,0.866098,0.868142,0.920292
C,cF8,noSOC,0.05,0.00185174,1931.72,0.016414,2230,2224.75,2098.68,0.86624,0.868284,0.920443
C,cF8,noSOC,0.1,0.00185053,1932.35,0.0492108,2230,2224.75,2098.68,0.866524,0.868569,0.920745
C,cF8,noSOC,0.2,0.00184851,1933.41,0.10389,2230,2224.75,2098.68,0.866998,0.869044,0.921248
C,cF8,noSOC,0.5,0.00184244,1936.58,0.26844,2230,2224.75,2098.68,0.868423,0.870472,0.922763
Si,cF8,noSOC,0,0.0275511,500.8,0,645,625.371,611.088,0.776434,0.800804,0.819522
Si,cF8,noSOC,0.05,0.0274867,501.386,0.117033,645,625.371,611.088,0.777343,0.801742,0.820481
Si,cF8,noSOC,0.1,0.0274165,502.028,0.245137,645,625.371,611.088,0.778337,0.802768,0.821531
Si,cF8,noSOC,0.2,0.0272644,503.425,0.524259,645,625.371,611.088,0.780504,0.805003,0.823818
Si,cF8,noSOC,0.5,0.026833,507.457,1.32926,645,625.371,611.088,0.786755,0.811449,0.830415
Ge,cF8,noSOC,0,0.102408,259.756,0,374,331.699,324.12,0.694536,0.783109,0.80142
Ge,cF8,noSOC,0.05,0.101475,260.948,0.458643,374,331.699,324.12,0.697721,0.7867,0.805096
Ge,cF8,noSOC,0.1,0.100587,262.097,0.901162,374,331.699,324.12,0.700795,0.790166,0.808642
Ge,cF8,noSOC,0.2,0.0986366,264.676,1.8939,374,331.699,324.12,0.70769,0.79794,0.816598
Ge,cF8,noSOC,0.5,0.0930483,272.508,4.90905,374,331.699,324.12,0.728631,0.821552,0.840763
