# Literature provenance for the A7 (As, Sb, Bi) isotropic Debye-Waller factors
# used in this repository.
# Column layout is identical to cF8_literature_B_sources.csv so the two archives
# can be concatenated.
#
# Single source for every B(T) value below:
#   P Fischer, I Sosnowska and M Szymanski, "Debye-Waller factor and thermal
#   expansion of arsenic, antimony and bismuth", J. Phys. C: Solid State Phys.
#   11 (1978) 1043.
#
# The paper does not tabulate B(T); it presents it in figure 3. Every value with
# source_type = digitized_figure_manual_* was therefore READ OFF FIGURE 3 BY
# HAND by the authors of the present work. No digitizer software was used and no
# reading uncertainty was recorded at the time, so B_unc_A2 is empty for those
# rows. Table 2 of the same paper tabulates Bi at 293 K and 516 K and is the
# only independent check available; those rows carry the published sigma.
#
# Temperatures of the experimental anchors come from Table 1 of the same paper,
# which lists the profile-refinement temperatures. The three anchors without a
# Table 1 row (Sb 172 K, Bi 300.279 K, Bi 94.9721 K) keep their digitized
# abscissa; their notes say so.
#
# source_type:
#   digitized_figure_manual_experiment
#       hand-read from the filled circles of figure 3 (neutron diffraction,
#       Fischer et al.'s own measurement). Used as the experimental anchors.
#   digitized_figure_manual_model_curve
#       hand-read from curve 1 of figure 3, the Debye-model calculation. This is
#       the series the manuscript benchmarks as "empirical digitized reference".
#       It is a MODEL curve from the source paper, not a measurement.
#   diffraction_refinement
#       tabulated in Table 2 of the same paper (Bi only).
#
# flag:
#   ""         clean point
#   artifact   physically impossible as read (B must rise with T); retained
#              verbatim for archival fidelity
#   suspect    inconsistent with the single-Debye curve the rest of its own
#              series defines; most likely read off the wrong curve or the wrong
#              point style in a panel that carries three curves and four point
#              styles
# Flagged rows are archived, not deleted; none of the published numbers were
# changed.
#
material,T_K,B_A2,B_unc_A2,source_key,source_label,source_type,page_table,quantity,conversion,flag,notes
As,5,0.434402,,Fischer1978,"Fischer, Sosnowska and Szymanski 1978 (J Phys C 11 1043)",digitized_figure_manual_experiment,"Table 1 (T); figure 3 (filled circles, neutron diffraction; B)",B_iso as plotted,none (direct B),,T from Table 1; B hand-read from figure 3; no reading uncertainty recorded
As,40,0.510204,,Fischer1978,"Fischer, Sosnowska and Szymanski 1978 (J Phys C 11 1043)",digitized_figure_manual_experiment,"Table 1 (T); figure 3 (filled circles, neutron diffraction; B)",B_iso as plotted,none (direct B),,T from Table 1; B hand-read from figure 3; no reading uncertainty recorded
As,77,0.457726,,Fischer1978,"Fischer, Sosnowska and Szymanski 1978 (J Phys C 11 1043)",digitized_figure_manual_experiment,"Table 1 (T); figure 3 (filled circles, neutron diffraction; B)",B_iso as plotted,none (direct B),,T from Table 1; B hand-read from figure 3; no reading uncertainty recorded
As,130,0.6793,,Fischer1978,"Fischer, Sosnowska and Szymanski 1978 (J Phys C 11 1043)",digitized_figure_manual_experiment,"Table 1 (T); figure 3 (filled circles, neutron diffraction; B)",B_iso as plotted,none (direct B),,T from Table 1; B hand-read from figure 3; no reading uncertainty recorded
As,180,0.760933,,Fischer1978,"Fischer, Sosnowska and Szymanski 1978 (J Phys C 11 1043)",digitized_figure_manual_experiment,"Table 1 (T); figure 3 (filled circles, neutron diffraction; B)",B_iso as plotted,none (direct B),,T from Table 1; B hand-read from figure 3; no reading uncertainty recorded
As,230,1.06997,,Fischer1978,"Fischer, Sosnowska and Szymanski 1978 (J Phys C 11 1043)",digitized_figure_manual_experiment,"Table 1 (T); figure 3 (filled circles, neutron diffraction; B)",B_iso as plotted,none (direct B),,T from Table 1; B hand-read from figure 3; no reading uncertainty recorded
As,293,1.02915,,Fischer1978,"Fischer, Sosnowska and Szymanski 1978 (J Phys C 11 1043)",digitized_figure_manual_experiment,"Table 1 (T); figure 3 (filled circles, neutron diffraction; B)",B_iso as plotted,none (direct B),,T from Table 1; B hand-read from figure 3; no reading uncertainty recorded
As,473,1.44315,,Fischer1978,"Fischer, Sosnowska and Szymanski 1978 (J Phys C 11 1043)",digitized_figure_manual_experiment,"Table 1 (T); figure 3 (filled circles, neutron diffraction; B)",B_iso as plotted,none (direct B),,T from Table 1; B hand-read from figure 3; no reading uncertainty recorded
As,666,2.1312,,Fischer1978,"Fischer, Sosnowska and Szymanski 1978 (J Phys C 11 1043)",digitized_figure_manual_experiment,"Table 1 (T); figure 3 (filled circles, neutron diffraction; B)",B_iso as plotted,none (direct B),,T from Table 1; B hand-read from figure 3; no reading uncertainty recorded
As,820,2.51603,,Fischer1978,"Fischer, Sosnowska and Szymanski 1978 (J Phys C 11 1043)",digitized_figure_manual_experiment,"Table 1 (T); figure 3 (filled circles, neutron diffraction; B)",B_iso as plotted,none (direct B),,T from Table 1; B hand-read from figure 3; no reading uncertainty recorded
As,881.199,2.54336,,Fischer1978,"Fischer, Sosnowska and Szymanski 1978 (J Phys C 11 1043)",digitized_figure_manual_model_curve,"figure 3 (curve 1, Debye model)",B_iso as plotted,none (direct B),,"hand-read from figure 3 curve 1 (Debye model); a single Debye temperature Theta_D = 230.9 K reproduces the T > 200 K part of this series to 2.8% max / 1.7% RMS, which is what identifies it as curve 1"
As,740.836,2.13873,,Fischer1978,"Fischer, Sosnowska and Szymanski 1978 (J Phys C 11 1043)",digitized_figure_manual_model_curve,"figure 3 (curve 1, Debye model)",B_iso as plotted,none (direct B),,"hand-read from figure 3 curve 1 (Debye model); a single Debye temperature Theta_D = 230.9 K reproduces the T > 200 K part of this series to 2.8% max / 1.7% RMS, which is what identifies it as curve 1"
As,685.595,1.92486,,Fischer1978,"Fischer, Sosnowska and Szymanski 1978 (J Phys C 11 1043)",digitized_figure_manual_model_curve,"figure 3 (curve 1, Debye model)",B_iso as plotted,none (direct B),,"hand-read from figure 3 curve 1 (Debye model); a single Debye temperature Theta_D = 230.9 K reproduces the T > 200 K part of this series to 2.8% max / 1.7% RMS, which is what identifies it as curve 1"
As,522.347,1.52023,,Fischer1978,"Fischer, Sosnowska and Szymanski 1978 (J Phys C 11 1043)",digitized_figure_manual_model_curve,"figure 3 (curve 1, Debye model)",B_iso as plotted,none (direct B),,"hand-read from figure 3 curve 1 (Debye model); a single Debye temperature Theta_D = 230.9 K reproduces the T > 200 K part of this series to 2.8% max / 1.7% RMS, which is what identifies it as curve 1"
As,355.049,1.0578,,Fischer1978,"Fischer, Sosnowska and Szymanski 1978 (J Phys C 11 1043)",digitized_figure_manual_model_curve,"figure 3 (curve 1, Debye model)",B_iso as plotted,none (direct B),,"hand-read from figure 3 curve 1 (Debye model); a single Debye temperature Theta_D = 230.9 K reproduces the T > 200 K part of this series to 2.8% max / 1.7% RMS, which is what identifies it as curve 1"
As,257.554,0.774566,,Fischer1978,"Fischer, Sosnowska and Szymanski 1978 (J Phys C 11 1043)",digitized_figure_manual_model_curve,"figure 3 (curve 1, Debye model)",B_iso as plotted,none (direct B),,"hand-read from figure 3 curve 1 (Debye model); a single Debye temperature Theta_D = 230.9 K reproduces the T > 200 K part of this series to 2.8% max / 1.7% RMS, which is what identifies it as curve 1"
As,159.184,0.598671,,Fischer1978,"Fischer, Sosnowska and Szymanski 1978 (J Phys C 11 1043)",digitized_figure_manual_model_curve,"figure 3 (curve 1, Debye model)",B_iso as plotted,none (direct B),suspect,17.3% above the same fitted single-Debye curve; see the 120.098039 K row
As,120.098,0.539368,,Fischer1978,"Fischer, Sosnowska and Szymanski 1978 (J Phys C 11 1043)",digitized_figure_manual_model_curve,"figure 3 (curve 1, Debye model)",B_iso as plotted,none (direct B),suspect,"28.1% above the single-Debye curve that the other 10 points of this series define to within 2.8% (Theta_D = 230.9 K fitted on T > 200 K); curve 2, curve 3 and the neutron points all lie above curve 1 here"
As,95.4939,0.323699,,Fischer1978,"Fischer, Sosnowska and Szymanski 1978 (J Phys C 11 1043)",digitized_figure_manual_model_curve,"figure 3 (curve 1, Debye model)",B_iso as plotted,none (direct B),,"hand-read from figure 3 curve 1 (Debye model); a single Debye temperature Theta_D = 230.9 K reproduces the T > 200 K part of this series to 2.8% max / 1.7% RMS, which is what identifies it as curve 1"
As,65.1124,0.236944,,Fischer1978,"Fischer, Sosnowska and Szymanski 1978 (J Phys C 11 1043)",digitized_figure_manual_model_curve,"figure 3 (curve 1, Debye model)",B_iso as plotted,none (direct B),,"hand-read from figure 3 curve 1 (Debye model); a single Debye temperature Theta_D = 230.9 K reproduces the T > 200 K part of this series to 2.8% max / 1.7% RMS, which is what identifies it as curve 1"
As,36.1793,0.184712,,Fischer1978,"Fischer, Sosnowska and Szymanski 1978 (J Phys C 11 1043)",digitized_figure_manual_model_curve,"figure 3 (curve 1, Debye model)",B_iso as plotted,none (direct B),,"hand-read from figure 3 curve 1 (Debye model); a single Debye temperature Theta_D = 230.9 K reproduces the T > 200 K part of this series to 2.8% max / 1.7% RMS, which is what identifies it as curve 1"
As,17.3634,0.16185,,Fischer1978,"Fischer, Sosnowska and Szymanski 1978 (J Phys C 11 1043)",digitized_figure_manual_model_curve,"figure 3 (curve 1, Debye model)",B_iso as plotted,none (direct B),,"hand-read from figure 3 curve 1 (Debye model); a single Debye temperature Theta_D = 230.9 K reproduces the T > 200 K part of this series to 2.8% max / 1.7% RMS, which is what identifies it as curve 1"
As,2.9399,0.277466,,Fischer1978,"Fischer, Sosnowska and Szymanski 1978 (J Phys C 11 1043)",digitized_figure_manual_model_curve,"figure 3 (curve 1, Debye model)",B_iso as plotted,none (direct B),artifact,"B = 0.27746586 A^2 exceeds the 36.179334 K value 0.18471171 A^2; positive T so not clamped, retained as read"
Sb,5,0.25,,Fischer1978,"Fischer, Sosnowska and Szymanski 1978 (J Phys C 11 1043)",digitized_figure_manual_experiment,"Table 1 (T); figure 3 (filled circles, neutron diffraction; B)",B_iso as plotted,none (direct B),,T from Table 1; B hand-read from figure 3; no reading uncertainty recorded
Sb,40,0.298387,,Fischer1978,"Fischer, Sosnowska and Szymanski 1978 (J Phys C 11 1043)",digitized_figure_manual_experiment,"Table 1 (T); figure 3 (filled circles, neutron diffraction; B)",B_iso as plotted,none (direct B),,T from Table 1; B hand-read from figure 3; no reading uncertainty recorded
Sb,77,0.379032,,Fischer1978,"Fischer, Sosnowska and Szymanski 1978 (J Phys C 11 1043)",digitized_figure_manual_experiment,"Table 1 (T); figure 3 (filled circles, neutron diffraction; B)",B_iso as plotted,none (direct B),,T from Table 1; B hand-read from figure 3; no reading uncertainty recorded
Sb,130,0.604839,,Fischer1978,"Fischer, Sosnowska and Szymanski 1978 (J Phys C 11 1043)",digitized_figure_manual_experiment,"Table 1 (T); figure 3 (filled circles, neutron diffraction; B)",B_iso as plotted,none (direct B),,T from Table 1; B hand-read from figure 3; no reading uncertainty recorded
Sb,172,0.669355,,Fischer1978,"Fischer, Sosnowska and Szymanski 1978 (J Phys C 11 1043)",digitized_figure_manual_experiment,"figure 3 (filled circles, neutron diffraction)",B_iso as plotted,none (direct B),,"no Table 1 row, so T and B both hand-read from figure 3; no reading uncertainty recorded"
Sb,180,0.790323,,Fischer1978,"Fischer, Sosnowska and Szymanski 1978 (J Phys C 11 1043)",digitized_figure_manual_experiment,"Table 1 (T); figure 3 (filled circles, neutron diffraction; B)",B_iso as plotted,none (direct B),,T from Table 1; B hand-read from figure 3; no reading uncertainty recorded
Sb,478,1.75806,,Fischer1978,"Fischer, Sosnowska and Szymanski 1978 (J Phys C 11 1043)",digitized_figure_manual_experiment,"Table 1 (T); figure 3 (filled circles, neutron diffraction; B)",B_iso as plotted,none (direct B),,T from Table 1; B hand-read from figure 3; no reading uncertainty recorded
Sb,678,2.54032,,Fischer1978,"Fischer, Sosnowska and Szymanski 1978 (J Phys C 11 1043)",digitized_figure_manual_experiment,"Table 1 (T); figure 3 (filled circles, neutron diffraction; B)",B_iso as plotted,none (direct B),,T from Table 1; B hand-read from figure 3; no reading uncertainty recorded
Sb,778,2.93548,,Fischer1978,"Fischer, Sosnowska and Szymanski 1978 (J Phys C 11 1043)",digitized_figure_manual_experiment,"Table 1 (T); figure 3 (filled circles, neutron diffraction; B)",B_iso as plotted,none (direct B),,T from Table 1; B hand-read from figure 3; no reading uncertainty recorded
Sb,838,3.20161,,Fischer1978,"Fischer, Sosnowska and Szymanski 1978 (J Phys C 11 1043)",digitized_figure_manual_experiment,"Table 1 (T); figure 3 (filled circles, neutron diffraction; B)",B_iso as plotted,none (direct B),,T from Table 1; B hand-read from figure 3; no reading uncertainty recorded
Sb,293,1.09677,,Fischer1978,"Fischer, Sosnowska and Szymanski 1978 (J Phys C 11 1043)",digitized_figure_manual_experiment,"Table 1 (T); figure 3 (filled circles, neutron diffraction; B)",B_iso as plotted,none (direct B),,T from Table 1; B hand-read from figure 3; no reading uncertainty recorded
Sb,230,0.903226,,Fischer1978,"Fischer, Sosnowska and Szymanski 1978 (J Phys C 11 1043)",digitized_figure_manual_experiment,"Table 1 (T); figure 3 (filled circles, neutron diffraction; B)",B_iso as plotted,none (direct B),,T from Table 1; B hand-read from figure 3; no reading uncertainty recorded
Sb,858.571,1.92714,,Fischer1978,"Fischer, Sosnowska and Szymanski 1978 (J Phys C 11 1043)",digitized_figure_manual_model_curve,"figure 3 (curve 1, Debye model)",B_iso as plotted,none (direct B),,"hand-read from figure 3 curve 1 (Debye model); a single Debye temperature Theta_D = 203.1 K reproduces the T > 200 K part of this series to 2.1% max / 0.9% RMS, which is what identifies it as curve 1"
Sb,800,1.84,,Fischer1978,"Fischer, Sosnowska and Szymanski 1978 (J Phys C 11 1043)",digitized_figure_manual_model_curve,"figure 3 (curve 1, Debye model)",B_iso as plotted,none (direct B),,"hand-read from figure 3 curve 1 (Debye model); a single Debye temperature Theta_D = 203.1 K reproduces the T > 200 K part of this series to 2.1% max / 0.9% RMS, which is what identifies it as curve 1"
Sb,727.143,1.67429,,Fischer1978,"Fischer, Sosnowska and Szymanski 1978 (J Phys C 11 1043)",digitized_figure_manual_model_curve,"figure 3 (curve 1, Debye model)",B_iso as plotted,none (direct B),,"hand-read from figure 3 curve 1 (Debye model); a single Debye temperature Theta_D = 203.1 K reproduces the T > 200 K part of this series to 2.1% max / 0.9% RMS, which is what identifies it as curve 1"
Sb,644.286,1.48571,,Fischer1978,"Fischer, Sosnowska and Szymanski 1978 (J Phys C 11 1043)",digitized_figure_manual_model_curve,"figure 3 (curve 1, Debye model)",B_iso as plotted,none (direct B),,"hand-read from figure 3 curve 1 (Debye model); a single Debye temperature Theta_D = 203.1 K reproduces the T > 200 K part of this series to 2.1% max / 0.9% RMS, which is what identifies it as curve 1"
Sb,532.857,1.22857,,Fischer1978,"Fischer, Sosnowska and Szymanski 1978 (J Phys C 11 1043)",digitized_figure_manual_model_curve,"figure 3 (curve 1, Debye model)",B_iso as plotted,none (direct B),,"hand-read from figure 3 curve 1 (Debye model); a single Debye temperature Theta_D = 203.1 K reproduces the T > 200 K part of this series to 2.1% max / 0.9% RMS, which is what identifies it as curve 1"
Sb,440,1.01714,,Fischer1978,"Fischer, Sosnowska and Szymanski 1978 (J Phys C 11 1043)",digitized_figure_manual_model_curve,"figure 3 (curve 1, Debye model)",B_iso as plotted,none (direct B),,"hand-read from figure 3 curve 1 (Debye model); a single Debye temperature Theta_D = 203.1 K reproduces the T > 200 K part of this series to 2.1% max / 0.9% RMS, which is what identifies it as curve 1"
Sb,350,0.817143,,Fischer1978,"Fischer, Sosnowska and Szymanski 1978 (J Phys C 11 1043)",digitized_figure_manual_model_curve,"figure 3 (curve 1, Debye model)",B_iso as plotted,none (direct B),,"hand-read from figure 3 curve 1 (Debye model); a single Debye temperature Theta_D = 203.1 K reproduces the T > 200 K part of this series to 2.1% max / 0.9% RMS, which is what identifies it as curve 1"
Sb,260,0.605714,,Fischer1978,"Fischer, Sosnowska and Szymanski 1978 (J Phys C 11 1043)",digitized_figure_manual_model_curve,"figure 3 (curve 1, Debye model)",B_iso as plotted,none (direct B),,"hand-read from figure 3 curve 1 (Debye model); a single Debye temperature Theta_D = 203.1 K reproduces the T > 200 K part of this series to 2.1% max / 0.9% RMS, which is what identifies it as curve 1"
Sb,170,0.394286,,Fischer1978,"Fischer, Sosnowska and Szymanski 1978 (J Phys C 11 1043)",digitized_figure_manual_model_curve,"figure 3 (curve 1, Debye model)",B_iso as plotted,none (direct B),,"hand-read from figure 3 curve 1 (Debye model); a single Debye temperature Theta_D = 203.1 K reproduces the T > 200 K part of this series to 2.1% max / 0.9% RMS, which is what identifies it as curve 1"
Sb,111.429,0.288571,,Fischer1978,"Fischer, Sosnowska and Szymanski 1978 (J Phys C 11 1043)",digitized_figure_manual_model_curve,"figure 3 (curve 1, Debye model)",B_iso as plotted,none (direct B),,"hand-read from figure 3 curve 1 (Debye model); a single Debye temperature Theta_D = 203.1 K reproduces the T > 200 K part of this series to 2.1% max / 0.9% RMS, which is what identifies it as curve 1"
Sb,55.7143,0.165714,,Fischer1978,"Fischer, Sosnowska and Szymanski 1978 (J Phys C 11 1043)",digitized_figure_manual_model_curve,"figure 3 (curve 1, Debye model)",B_iso as plotted,none (direct B),,"hand-read from figure 3 curve 1 (Debye model); a single Debye temperature Theta_D = 203.1 K reproduces the T > 200 K part of this series to 2.1% max / 0.9% RMS, which is what identifies it as curve 1"
Sb,20,0.131429,,Fischer1978,"Fischer, Sosnowska and Szymanski 1978 (J Phys C 11 1043)",digitized_figure_manual_model_curve,"figure 3 (curve 1, Debye model)",B_iso as plotted,none (direct B),,"hand-read from figure 3 curve 1 (Debye model); a single Debye temperature Theta_D = 203.1 K reproduces the T > 200 K part of this series to 2.1% max / 0.9% RMS, which is what identifies it as curve 1"
Sb,-1.42857,0.271429,,Fischer1978,"Fischer, Sosnowska and Szymanski 1978 (J Phys C 11 1043)",digitized_figure_manual_model_curve,"figure 3 (curve 1, Debye model)",B_iso as plotted,none (direct B),artifact,"negative temperature as read; clamped to T = 0 K in the analysis, so Sb_comparison_main_curves_wide.csv carries B(0 K) = 0.27142857 A^2 above B(10 K) = 0.17678498 A^2"
Bi,40,0.0670391,,Fischer1978,"Fischer, Sosnowska and Szymanski 1978 (J Phys C 11 1043)",digitized_figure_manual_experiment,"Table 1 (T); figure 3 (filled circles, neutron diffraction; B)",B_iso as plotted,none (direct B),,T from Table 1; B hand-read from figure 3; no reading uncertainty recorded
Bi,77,0.240223,,Fischer1978,"Fischer, Sosnowska and Szymanski 1978 (J Phys C 11 1043)",digitized_figure_manual_experiment,"Table 1 (T); figure 3 (filled circles, neutron diffraction; B)",B_iso as plotted,none (direct B),,T from Table 1; B hand-read from figure 3; no reading uncertainty recorded
Bi,130,0.307263,,Fischer1978,"Fischer, Sosnowska and Szymanski 1978 (J Phys C 11 1043)",digitized_figure_manual_experiment,"Table 1 (T); figure 3 (filled circles, neutron diffraction; B)",B_iso as plotted,none (direct B),,T from Table 1; B hand-read from figure 3; no reading uncertainty recorded
Bi,180,0.575419,,Fischer1978,"Fischer, Sosnowska and Szymanski 1978 (J Phys C 11 1043)",digitized_figure_manual_experiment,"Table 1 (T); figure 3 (filled circles, neutron diffraction; B)",B_iso as plotted,none (direct B),,T from Table 1; B hand-read from figure 3; no reading uncertainty recorded
Bi,230,0.776536,,Fischer1978,"Fischer, Sosnowska and Szymanski 1978 (J Phys C 11 1043)",digitized_figure_manual_experiment,"Table 1 (T); figure 3 (filled circles, neutron diffraction; B)",B_iso as plotted,none (direct B),,T from Table 1; B hand-read from figure 3; no reading uncertainty recorded
Bi,293,0.98324,,Fischer1978,"Fischer, Sosnowska and Szymanski 1978 (J Phys C 11 1043)",digitized_figure_manual_experiment,"Table 1 (T); figure 3 (filled circles, neutron diffraction; B)",B_iso as plotted,none (direct B),,T from Table 1; B hand-read from figure 3; no reading uncertainty recorded
Bi,411,1.1676,,Fischer1978,"Fischer, Sosnowska and Szymanski 1978 (J Phys C 11 1043)",digitized_figure_manual_experiment,"Table 1 (T); figure 3 (filled circles, neutron diffraction; B)",B_iso as plotted,none (direct B),,T from Table 1; B hand-read from figure 3; no reading uncertainty recorded
Bi,473,1.49162,,Fischer1978,"Fischer, Sosnowska and Szymanski 1978 (J Phys C 11 1043)",digitized_figure_manual_experiment,"Table 1 (T); figure 3 (filled circles, neutron diffraction; B)",B_iso as plotted,none (direct B),,T from Table 1; B hand-read from figure 3; no reading uncertainty recorded
Bi,516,1.35754,,Fischer1978,"Fischer, Sosnowska and Szymanski 1978 (J Phys C 11 1043)",digitized_figure_manual_experiment,"Table 1 (T); figure 3 (filled circles, neutron diffraction; B)",B_iso as plotted,none (direct B),,T from Table 1; B hand-read from figure 3; no reading uncertainty recorded
Bi,300.279,1.15084,,Fischer1978,"Fischer, Sosnowska and Szymanski 1978 (J Phys C 11 1043)",digitized_figure_manual_experiment,"figure 3 (filled circles, neutron diffraction)",B_iso as plotted,none (direct B),,"no Table 1 row, so T and B both hand-read from figure 3; no reading uncertainty recorded"
Bi,94.9721,0.335196,,Fischer1978,"Fischer, Sosnowska and Szymanski 1978 (J Phys C 11 1043)",digitized_figure_manual_experiment,"figure 3 (filled circles, neutron diffraction)",B_iso as plotted,none (direct B),,"no Table 1 row, so T and B both hand-read from figure 3; no reading uncertainty recorded"
Bi,565.714,2.48864,,Fischer1978,"Fischer, Sosnowska and Szymanski 1978 (J Phys C 11 1043)",digitized_figure_manual_model_curve,"figure 3 (curve 1, Debye model)",B_iso as plotted,none (direct B),,"hand-read from figure 3 curve 1 (Debye model); a single Debye temperature Theta_D = 111.5 K reproduces the T > 200 K part of this series to 0.6% max / 0.4% RMS, which is what identifies it as curve 1"
Bi,524.286,2.31818,,Fischer1978,"Fischer, Sosnowska and Szymanski 1978 (J Phys C 11 1043)",digitized_figure_manual_model_curve,"figure 3 (curve 1, Debye model)",B_iso as plotted,none (direct B),,"hand-read from figure 3 curve 1 (Debye model); a single Debye temperature Theta_D = 111.5 K reproduces the T > 200 K part of this series to 0.6% max / 0.4% RMS, which is what identifies it as curve 1"
Bi,414.286,1.83523,,Fischer1978,"Fischer, Sosnowska and Szymanski 1978 (J Phys C 11 1043)",digitized_figure_manual_model_curve,"figure 3 (curve 1, Debye model)",B_iso as plotted,none (direct B),,"hand-read from figure 3 curve 1 (Debye model); a single Debye temperature Theta_D = 111.5 K reproduces the T > 200 K part of this series to 0.6% max / 0.4% RMS, which is what identifies it as curve 1"
Bi,367.143,1.63636,,Fischer1978,"Fischer, Sosnowska and Szymanski 1978 (J Phys C 11 1043)",digitized_figure_manual_model_curve,"figure 3 (curve 1, Debye model)",B_iso as plotted,none (direct B),,"hand-read from figure 3 curve 1 (Debye model); a single Debye temperature Theta_D = 111.5 K reproduces the T > 200 K part of this series to 0.6% max / 0.4% RMS, which is what identifies it as curve 1"
Bi,288.571,1.28409,,Fischer1978,"Fischer, Sosnowska and Szymanski 1978 (J Phys C 11 1043)",digitized_figure_manual_model_curve,"figure 3 (curve 1, Debye model)",B_iso as plotted,none (direct B),,"hand-read from figure 3 curve 1 (Debye model); a single Debye temperature Theta_D = 111.5 K reproduces the T > 200 K part of this series to 0.6% max / 0.4% RMS, which is what identifies it as curve 1"
Bi,235.714,1.05114,,Fischer1978,"Fischer, Sosnowska and Szymanski 1978 (J Phys C 11 1043)",digitized_figure_manual_model_curve,"figure 3 (curve 1, Debye model)",B_iso as plotted,none (direct B),,"hand-read from figure 3 curve 1 (Debye model); a single Debye temperature Theta_D = 111.5 K reproduces the T > 200 K part of this series to 0.6% max / 0.4% RMS, which is what identifies it as curve 1"
Bi,165.714,0.755682,,Fischer1978,"Fischer, Sosnowska and Szymanski 1978 (J Phys C 11 1043)",digitized_figure_manual_model_curve,"figure 3 (curve 1, Debye model)",B_iso as plotted,none (direct B),,"hand-read from figure 3 curve 1 (Debye model); a single Debye temperature Theta_D = 111.5 K reproduces the T > 200 K part of this series to 0.6% max / 0.4% RMS, which is what identifies it as curve 1"
Bi,104.286,0.482955,,Fischer1978,"Fischer, Sosnowska and Szymanski 1978 (J Phys C 11 1043)",digitized_figure_manual_model_curve,"figure 3 (curve 1, Debye model)",B_iso as plotted,none (direct B),,"hand-read from figure 3 curve 1 (Debye model); a single Debye temperature Theta_D = 111.5 K reproduces the T > 200 K part of this series to 0.6% max / 0.4% RMS, which is what identifies it as curve 1"
Bi,65.7143,0.3125,,Fischer1978,"Fischer, Sosnowska and Szymanski 1978 (J Phys C 11 1043)",digitized_figure_manual_model_curve,"figure 3 (curve 1, Debye model)",B_iso as plotted,none (direct B),,"hand-read from figure 3 curve 1 (Debye model); a single Debye temperature Theta_D = 111.5 K reproduces the T > 200 K part of this series to 0.6% max / 0.4% RMS, which is what identifies it as curve 1"
Bi,37.1429,0.198864,,Fischer1978,"Fischer, Sosnowska and Szymanski 1978 (J Phys C 11 1043)",digitized_figure_manual_model_curve,"figure 3 (curve 1, Debye model)",B_iso as plotted,none (direct B),,"hand-read from figure 3 curve 1 (Debye model); a single Debye temperature Theta_D = 111.5 K reproduces the T > 200 K part of this series to 0.6% max / 0.4% RMS, which is what identifies it as curve 1"
Bi,5.71429,0.130682,,Fischer1978,"Fischer, Sosnowska and Szymanski 1978 (J Phys C 11 1043)",digitized_figure_manual_model_curve,"figure 3 (curve 1, Debye model)",B_iso as plotted,none (direct B),,"hand-read from figure 3 curve 1 (Debye model); a single Debye temperature Theta_D = 111.5 K reproduces the T > 200 K part of this series to 0.6% max / 0.4% RMS, which is what identifies it as curve 1"
Bi,293,1.02,0.06,Fischer1978,"Fischer, Sosnowska and Szymanski 1978 (J Phys C 11 1043)",diffraction_refinement,Table 2 (a),"B_isotr, R = 3.1%",none (direct B),,"refinement (a); cross-check on the hand reading: the digitized anchor at 293 K is 0.98324 A^2, i.e. -0.0368 A^2 versus this tabulated value -- within the published sigma of 0.06 A^2"
Bi,293,1,0.2,Fischer1978,"Fischer, Sosnowska and Szymanski 1978 (J Phys C 11 1043)",diffraction_refinement,Table 2 (b),"B_isotr, R = 3.2%",none (direct B),,"refinement (b); cross-check on the hand reading: the digitized anchor at 293 K is 0.98324 A^2, i.e. -0.0168 A^2 versus this tabulated value -- within the published sigma of 0.20 A^2"
Bi,293,0.97,0.09,Fischer1978,"Fischer, Sosnowska and Szymanski 1978 (J Phys C 11 1043)",diffraction_refinement,Table 2 (c),"B_isotr, R = 2.4%",none (direct B),,"refinement (c); cross-check on the hand reading: the digitized anchor at 293 K is 0.98324 A^2, i.e. +0.0132 A^2 versus this tabulated value -- within the published sigma of 0.09 A^2"
Bi,516,1.34,0.09,Fischer1978,"Fischer, Sosnowska and Szymanski 1978 (J Phys C 11 1043)",diffraction_refinement,Table 2 (a),"B_isotr, R = 6.9%",none (direct B),,"refinement (a); cross-check on the hand reading: the digitized anchor at 516 K is 1.35754 A^2, i.e. +0.0175 A^2 versus this tabulated value -- within the published sigma of 0.09 A^2"
Bi,516,1.2,0.3,Fischer1978,"Fischer, Sosnowska and Szymanski 1978 (J Phys C 11 1043)",diffraction_refinement,Table 2 (b),"B_isotr, R = 7.1%",none (direct B),,"refinement (b); cross-check on the hand reading: the digitized anchor at 516 K is 1.35754 A^2, i.e. +0.1575 A^2 versus this tabulated value -- within the published sigma of 0.30 A^2"
Bi,516,1.1,0.2,Fischer1978,"Fischer, Sosnowska and Szymanski 1978 (J Phys C 11 1043)",diffraction_refinement,Table 2 (c),"B_isotr, R = 4.2%",none (direct B),,"refinement (c); cross-check on the hand reading: the digitized anchor at 516 K is 1.35754 A^2, i.e. +0.2575 A^2 versus this tabulated value -- OUTSIDE the published sigma of 0.20 A^2"
